"Prefecture","SiteName","SiteLocation","Latitude","Longitude","ReferenceID","Reference","rowindex","duplicateID","idistance","Latitude.mean","Longitude.mean"
"大分","玉沢地区条里跡遺跡第7次調査","大分市大字玉沢字楠本743-2",33.1895611111111,131.583538888889,1879,"弥生農耕の起源と東アジア-炭素14年代測定による高精度編年体系の構築-平成16～20年文部科学省・科学研究費学術創成研究費　研究成果報告書","630|631|632|633|634|635|636|637|638|639|640|641|642|643|644|645|646|647|648|649|650|651|652|653",1,0.97489685147307,33.1880402777777,131.578634722222
"大分","玉沢地区条里跡遺跡第7次調査","大分市大字市字大坪１番１他",33.1865194444444,131.573730555556,1879,"弥生農耕の起源と東アジア-炭素14年代測定による高精度編年体系の構築-平成16～20年文部科学省・科学研究費学術創成研究費　研究成果報告書","2889|2890|2891|2892|2894|2895|2896",1,0.97489685147307,33.1880402777777,131.578634722222
"大分","玉沢地区条里跡遺跡第3次調査","大分市大字木上字鉾牟1番地1外235筆",33.1856,131.569761111111,1879,"弥生農耕の起源と東アジア-炭素14年代測定による高精度編年体系の構築-平成16～20年文部科学省・科学研究費学術創成研究費　研究成果報告書","2882",2,0.383965387732225,33.1860597222222,131.571745833334
"大分","玉沢地区条里跡遺跡第3次調査","大分市大字市字大坪１番１他",33.1865194444444,131.573730555556,1879,"弥生農耕の起源と東アジア-炭素14年代測定による高精度編年体系の構築-平成16～20年文部科学省・科学研究費学術創成研究費　研究成果報告書","2893",2,0.383965387732225,33.1860597222222,131.571745833334
"大分","大道遺跡７次","大分市金池南1丁目1143-3",33.2299694444444,131.606430555556,1879,"弥生農耕の起源と東アジア-炭素14年代測定による高精度編年体系の構築-平成16～20年文部科学省・科学研究費学術創成研究費　研究成果報告書","2881",3,0.288024159695136,33.2307652777777,131.605209722222
"大分","大道遺跡７次","大分市東大道１丁目２５１２－１他",33.2315611111111,131.603988888889,1879,"弥生農耕の起源と東アジア-炭素14年代測定による高精度編年体系の構築-平成16～20年文部科学省・科学研究費学術創成研究費　研究成果報告書","2897",3,0.288024159695136,33.2307652777777,131.605209722222
"東京","忠生遺跡","町田市木曽町2276番地",35.5613305555555,139.429780555556,1879,"弥生農耕の起源と東アジア-炭素14年代測定による高精度編年体系の構築-平成16～20年文部科学省・科学研究費学術創成研究費　研究成果報告書","3836",4,2.67433034240175,35.5667138888889,139.422480555556
"東京","忠生遺跡","町田市根岸町23号",35.5774805555556,139.407880555556,1879,"弥生農耕の起源と東アジア-炭素14年代測定による高精度編年体系の構築-平成16～20年文部科学省・科学研究費学術創成研究費　研究成果報告書","3837",4,2.67433034240175,35.5667138888889,139.422480555556
"東京","忠生遺跡","町田市木曽町",35.5613305555555,139.429780555556,1894,"忠生遺跡群発掘調査概要報告書","7530|7531",4,2.67433034240175,35.5667138888889,139.422480555556
"山梨","銚子塚古墳","甲府市下曽根町",35.59395,138.572630555556,1879,"弥生農耕の起源と東アジア-炭素14年代測定による高精度編年体系の構築-平成16～20年文部科学省・科学研究費学術創成研究費　研究成果報告書","3916|3917|3918|3919|3920|3921|3922|3923|3924|3925|3926|3927|3932",5,0.772772710711105,35.5922064814815,138.574507407408
"山梨","銚子塚古墳","東八代郡中道町",35.5887194444445,138.578261111111,1879,"弥生農耕の起源と東アジア-炭素14年代測定による高精度編年体系の構築-平成16～20年文部科学省・科学研究費学術創成研究費　研究成果報告書","3936|3937|3938|3939",5,0.772772710711105,35.5922064814815,138.574507407408
"山梨","銚子塚古墳","甲府市下曽根町",35.59395,138.572630555556,1527,"山梨県埋蔵文化財調査報告書第253集　国指定史跡銚子塚古墳附丸山塚古墳","22236|22237|22238|22239|22240|22241|22242|22243|22244|22245|22246|22247|22248|22249|22250|22251|22252",5,0.772772710711105,35.5922064814815,138.574507407408
"秋田","向様田A遺跡","北秋田郡森吉町森吉字向様田家ノ下モ8",40.11655,140.37395,1879,"弥生農耕の起源と東アジア-炭素14年代測定による高精度編年体系の構築-平成16～20年文部科学省・科学研究費学術創成研究費　研究成果報告書","202|203|204|205|206|207",6,16.9872527885628,40.0872055555556,140.443857777778
"秋田","向様田A遺跡","北秋田市森吉字向様田家ノ下モ8外",40.0431888888889,140.548719444444,1879,"弥生農耕の起源と東アジア-炭素14年代測定による高精度編年体系の構築-平成16～20年文部科学省・科学研究費学術創成研究費　研究成果報告書","3958|3959",6,16.9872527885628,40.0872055555556,140.443857777778
"秋田","向様田A遺跡","北秋田郡森吉町森吉字向様田家ノ下モ",40.11655,140.37395,2901,"秋田県文化財調査報告書第346集　向様田A遺跡　遺構編","14305|14306|14307|14308|14309|14310|14311",6,16.9872527885628,40.0872055555556,140.443857777778
"秋田","向様田A遺跡","北秋田市森吉字向様田家ノ下モ",40.0431888888889,140.548719444444,2963,"秋田県文化財調査報告書第445集　向様田A遺跡","14312|14313|14314|14315|14316|14317|14318|14319",6,16.9872527885628,40.0872055555556,140.443857777778
"秋田","向様田A遺跡","北秋田郡森吉町森吉字向様田家ノ下モ",40.11655,140.37395,2919,"秋田県文化財調査報告書第370集　向様田A遺跡　遺物篇","14320|14321",6,16.9872527885628,40.0872055555556,140.443857777778
"大分","大肥条里遺跡地区","日田市大字大肥字方司口他",33.36415,130.8734,1879,"弥生農耕の起源と東アジア-炭素14年代測定による高精度編年体系の構築-平成16～20年文部科学省・科学研究費学術創成研究費　研究成果報告書","588",7,7.91003230885798,33.3425555555555,130.907209722222
"大分","大肥条里遺跡地区","日田市",33.3209611111111,130.941019444444,1879,"弥生農耕の起源と東アジア-炭素14年代測定による高精度編年体系の構築-平成16～20年文部科学省・科学研究費学術創成研究費　研究成果報告書","4125",7,7.91003230885798,33.3425555555555,130.907209722222
"大阪","宮ノ下遺跡","東大阪市長堂１丁目地内",34.6672111111111,135.56285,1879,"弥生農耕の起源と東アジア-炭素14年代測定による高精度編年体系の構築-平成16～20年文部科学省・科学研究費学術創成研究費　研究成果報告書","3196|3197",8,7.79395976483426,34.6617944444444,135.626285416667
"大阪","宮ノ下遺跡","東大阪市上四条町1716−1の一部",34.6599888888889,135.647430555556,1879,"弥生農耕の起源と東アジア-炭素14年代測定による高精度編年体系の構築-平成16～20年文部科学省・科学研究費学術創成研究費　研究成果報告書","4392",8,7.79395976483426,34.6617944444444,135.626285416667
"大阪","宮ノ下遺跡","東大阪市上四条町1716−2の一部",34.6599888888889,135.647430555556,1879,"弥生農耕の起源と東アジア-炭素14年代測定による高精度編年体系の構築-平成16～20年文部科学省・科学研究費学術創成研究費　研究成果報告書","4393",8,7.79395976483426,34.6617944444444,135.626285416667
"大阪","宮ノ下遺跡","東大阪市上四条町1716−3の一部",34.6599888888889,135.647430555556,1879,"弥生農耕の起源と東アジア-炭素14年代測定による高精度編年体系の構築-平成16～20年文部科学省・科学研究費学術創成研究費　研究成果報告書","4394",8,7.79395976483426,34.6617944444444,135.626285416667
"大阪","水走遺跡","東大阪市水走２丁目１６－１",34.6797694444444,135.627430555556,1879,"弥生農耕の起源と東アジア-炭素14年代測定による高精度編年体系の構築-平成16～20年文部科学省・科学研究費学術創成研究費　研究成果報告書","3198",9,0.340023000414022,34.6789152777777,135.628970833333
"大阪","水走遺跡","東大阪市水走・川中",34.6780611111111,135.630511111111,1879,"弥生農耕の起源と東アジア-炭素14年代測定による高精度編年体系の構築-平成16～20年文部科学省・科学研究費学術創成研究費　研究成果報告書","4396|4397|4398|4399",9,0.340023000414022,34.6789152777777,135.628970833333
"静岡","清水天王山遺跡","清水市清水区宮加三字天王台７１６－１",34.9930694444444,138.494661111111,1879,"弥生農耕の起源と東アジア-炭素14年代測定による高精度編年体系の構築-平成16～20年文部科学省・科学研究費学術創成研究費　研究成果報告書","3661",10,1.35637621045284,34.9867490740741,138.488407407408
"静岡","清水天王山遺跡","静岡市清水区宮加三字天王台",34.9835888888889,138.485280555556,1879,"弥生農耕の起源と東アジア-炭素14年代測定による高精度編年体系の構築-平成16～20年文部科学省・科学研究費学術創成研究費　研究成果報告書","4485|4486|4487|4488|4489|4490",10,1.35637621045284,34.9867490740741,138.488407407408
"静岡","清水天王山遺跡","静岡市清水区宮加三字天王台",34.9835888888889,138.485280555556,2518,"清水天王山遺跡　第4次-5次発掘報告(本文編第一分冊)","24311|24312|24313|24314|24315|24316|24317",10,1.35637621045284,34.9867490740741,138.488407407408
"群馬","下田遺跡","太田市新田金井町",36.3050305555556,139.294130555556,319,"下宿遺跡発掘調査報告書","4782",11,7.04555205148563,36.3313055555556,139.272109722222
"群馬","下田遺跡","伊勢崎市田部井町",36.3575805555556,139.250088888889,3204,"財団法人群馬県埋蔵文化財調査事業団調査報告書第444集　下田遺跡(2)","4933|4934",11,7.04555205148563,36.3313055555556,139.272109722222
"埼玉","宮前遺跡","入間郡三芳町北永井",35.8372611111111,139.516538888889,240,"三芳町埋蔵文化財報告32　町内遺跡発掘調査報告書Ⅵ","5375|5376",12,9.32924552033447,35.8161,139.471938888889
"埼玉","宮前遺跡","所沢市北野",35.7949388888889,139.427338888889,1998,"所沢市埋蔵文化財調査報告書第31集　第二椿峯遺跡群　第2分冊　宮前遺跡","5379|5380|5381",12,9.32924552033447,35.8161,139.471938888889
"埼玉","大山遺跡","北足立郡伊奈町大字小室",35.9896888888889,139.6273,919,"埼玉県遺跡発掘調査報告書第23集　埼玉県立がんセンター埋蔵文化財発掘調査報告　大山","5667|5668|5669|5670|5671|5672|5673|5674|5675",13,22.3975095611865,35.9695925925926,139.548316666667
"埼玉","大山遺跡","鶴ヶ島市大字三ツ木",35.9294,139.39035,3861,"鶴ヶ島市埋蔵文化財調査報告第70集　大山遺跡","5676|5677|5678",13,22.3975095611865,35.9695925925926,139.548316666667
"埼玉","大山遺跡","伊奈町小室",35.9896888888889,139.6273,888,"埼玉県埋蔵文化財調査事業団報告書第299集　大山遺跡(第10･11次)","5679|5680",13,22.3975095611865,35.9695925925926,139.548316666667
"千葉","姥山貝塚","市川市",35.7216694444444,139.930419444444,1043,"姥山貝塚","5943|5944",14,3.85806711027738,35.7298402777778,139.949240277778
"千葉","姥山貝塚","市川市柏井町1丁目",35.7380111111111,139.968061111111,1822,"市立市川考古博物館研究調査報告9冊　市川市縄文データブック","6079|6080|6081|6082|6083|6084",14,3.85806711027738,35.7298402777778,139.949240277778
"千葉",NA,"千葉市茂呂町",35.5356805555556,140.17375,696,"千原台ニュータウン1（野馬堀遺跡・ばあ山遺跡他）","",15,2.71340256512927,35.5311,140.17502037037
"千葉",NA,"市原市草刈",35.5327888888889,140.161511111111,696,"千原台ニュータウン1（野馬堀遺跡・ばあ山遺跡他）","",15,2.71340256512927,35.5311,140.17502037037
"千葉",NA,"市原市番場",35.5248305555556,140.1898,696,"千原台ニュータウン1（野馬堀遺跡・ばあ山遺跡他）","",15,2.71340256512927,35.5311,140.17502037037
"千葉","大坪貝塚","富津市亀田字大坪",35.2601805555556,139.873369444444,1879,"弥生農耕の起源と東アジア-炭素14年代測定による高精度編年体系の構築-平成16～20年文部科学省・科学研究費学術創成研究費　研究成果報告書","451|452|453|454|455|4057|4058|4059|4060",16,5.85521543459103,35.2401902777778,139.894365277777
"千葉","大坪貝塚","富津市大坪",35.2202,139.915361111111,1339,"富津市大坪貝塚-資料調査報告書-","6274|6275|6276|6277|6278|6279|6280|6281|6282",16,5.85521543459103,35.2401902777778,139.894365277777
"千葉","堀之内貝塚","市川市堀之内2丁目",35.7583305555556,139.913619444444,1822,"市立市川考古博物館研究調査報告9冊　市川市縄文データブック","6085|6091",17,0.692865903344048,35.7575097222223,139.917315277778
"千葉","堀之内貝塚","市川市堀之内",35.7566888888889,139.921011111111,1823,"市立市川考古博物館研究調査報告第5冊　堀之内貝塚試料図譜","6382|6383|6384|6385|6386",17,0.692865903344048,35.7575097222223,139.917315277778
"東京","愛宕下遺跡","港区虎ノ門",35.6684888888889,139.746188888889,2235,"東京都埋蔵文化財センター調査報告第286集　愛宕下遺跡Ⅲ　第10分冊自然科学編","6423|6424|6425|6426|6427|6428|6429|6430",18,17.0788270869315,35.715575,139.671538888889
"東京","愛宕下遺跡","練馬区大泉町",35.7626611111111,139.596888888889,3031,"練馬区愛宕下遺跡調査報告書","6431|6432|6433|6434|6435|6436|6437|6438|6439|6440|6441|6442|6443|6444|6445|6446|6447|6448|6449|6450|6451|6452|6453|6454",18,17.0788270869315,35.715575,139.671538888889
"東京","下宅部遺跡","東村山市多摩湖町4丁目3・4番地ほか",35.7663805555556,139.45085,1879,"弥生農耕の起源と東アジア-炭素14年代測定による高精度編年体系の構築-平成16～20年文部科学省・科学研究費学術創成研究費　研究成果報告書","3721|3722|3723|3724|3725|3726|3727|3728|3729|3730|3731|3732|3733|3734|3735|3736|3737|3738|3739|3740|3741|3742|3743|3744|3745|3746|3747|3748|3749|3750|3751|3752|3753|3754|3755|3756|3757|3758|3759|3760|3761|3762|3763|3764|3765|3766|3767|3768|3769|3770|3771|3772|3773|3774|3775|3776|3777|3778|3779|3780|3781|3782|3783|3784|3785|3786|3787|3788|3789|3790|3791|3792|3793|3794|3795|3796|3797|3798|3799|3800|3801|3802|3803|3804|3805|3806|3807|3808|3809|3810|3811|3812|3813|3814|3815|3816|3817|3818|3819|3820|3821|3822|3823|3824|3825|3826|3827|3828|3829|3830",19,0.814426099438612,35.7627805555556,139.446783333333
"東京","下宅部遺跡","東村山市多摩湖町",35.7609805555556,139.44475,317,"下宅部遺跡Ⅰ","6579|6580|6581|6582|6583|6584|6585|6586|6587|6588|6589|6590|6591|6592|6593|6594|6595|6596|6597|6598|6599|6600|6601|6602|6603|6604|6605|6606|6607|6608|6609|6610|6611|6612|6613|6614|6615|6616|6617|6618|6619|6620|6621|6622|6623|6624|6625|6626|6627|6628|6629|6630|6631|6632|6633|6634|6635|6636|6637|6638|6639|6640|6641|6642|6643|6644|6645|6646|6647|6648|6649|6650|6651|6652|6653|6654|6655|6656|6657|6658|6659|6660|6661|6662|6663|6664|6665|6666|6667|6668|6669|6670|6671|6672|6673|6674|6675|6676|6677|6678|6679|6680|6681|6682|6683|6684|6685|6686|6687|6688|6689|6690|6691|6692|6693|6694|6695|6696|6697|6698|6699|6700|6701|6702|6703|6704|6705|6706|6707|6708|6709|6710|6711|6712|6713|6714|6715|6716|6717|6718|6719|6720|6721|6722|6723|6724|6725|6726|6727",19,0.814426099438612,35.7627805555556,139.446783333333
"東京","下宅部遺跡","東村山市多摩湖町",35.7609805555556,139.44475,318,"下宅部遺跡Ⅱ","6728|6729|6730|6731|6732|6733|6734|6735|6736|6737|6738|6739|6740|6741|6742|6743|6744|6745|6746|6747|6748|6749|6750|6751|6752|6753|6754|6755|6756",19,0.814426099438612,35.7627805555556,139.446783333333
"東京","駒形遺跡","台東区駒形1-4",35.707,139.794511111111,1879,"弥生農耕の起源と東アジア-炭素14年代測定による高精度編年体系の構築-平成16～20年文部科学省・科学研究費学術創成研究費　研究成果報告書","3860|3861",20,0.0973229105981202,35.7067944444445,139.794986111111
"東京","駒形遺跡","台東区駒形",35.7065888888889,139.795461111111,775,"台東区埋蔵文化財発掘調査報告書55　駒形遺跡　駒形遺跡一丁目4番地点第1次調査･第2次調査","6876|6877",20,0.0973229105981202,35.7067944444445,139.794986111111
"東京","春日町(小石川後楽園)遺跡","文京区後楽",35.7045694444444,139.75055,2156,"春日町(小石川後楽園)遺跡　第10地点","7070|7071|7072",21,0.399058708588154,35.7063097222222,139.749994444444
"東京","春日町(小石川後楽園)遺跡","文京区春日",35.70805,139.749438888889,2157,"春日町(小石川後楽園)遺跡　第11地点","7073",21,0.399058708588154,35.7063097222222,139.749994444444
"東京","春日町遺跡","文京区春日",35.70805,139.749438888889,2010,"文京区埋蔵文化財調査報告第20集　春日町遺跡第Ⅲ･Ⅳ地点","7074|7075",22,0.399058708588154,35.7068898148148,139.749809259259
"東京","春日町遺跡","文京区春日",35.70805,139.749438888889,2011,"文京区埋蔵文化財調査報告第31集　春日町遺跡第Ⅶ地点","7076",22,0.399058708588154,35.7068898148148,139.749809259259
"東京","春日町遺跡","文京区後楽",35.7045694444444,139.75055,2009,"文京区埋蔵文化財調査報告書第10集　春日町遺跡第Ⅴ地点","7077|7078",22,0.399058708588154,35.7068898148148,139.749809259259
"東京","代継･富士見台遺跡","あきる野市油平･代継",35.7251694444444,139.286511111111,2208,"東京都埋蔵文化財センター調査報告書第90集　代継･富士見台･西龍ヶ崎遺跡","7351|7352|7353|7354|7355|7356|7357|7358|7359|7360|7361|7362|7363|7364|7365|7366|7367|7368",23,0.42771200224411,35.7250097222222,139.284155555556
"東京","代継･富士見台遺跡","あきる野市下代継･油平",35.72485,139.2818,449,"代継･富士見台遺跡","7371|7372|7373|7374|7375|7376|7377|7378|7379|7380|7381|7382|7383|7384|7385|7386|7387|7388|7389|7390|7391|7392|7393|7394|7395|7396",23,0.42771200224411,35.7250097222222,139.284155555556
"東京","中里遺跡","北区上中里田端駅構内",35.7446,139.747561111111,358,"中里遺跡1ー遺跡と古環境　1ー","7427|7428|7429|7430|7431|7432|7433|7434|7435|7436|7437|7438|7439|7440|7441|7442|7443|7444|7445|7446|7447|7448|7449|7450|7451|7452|7453|7454|7455|7456|7457|7458|7459|7460|7461|7462|7463|7464|7465|7466|7467|7468|7469|7470|7471",24,1.61305425304854,35.7422564814815,139.752763888889
"東京","中里遺跡","北区上中里",35.7446,139.747561111111,657,"北区埋蔵文化財調査報告第9集　中里遺跡","7472|7473|7474",24,1.61305425304854,35.7422564814815,139.752763888889
"東京","中里遺跡","北区東田端",35.7375694444444,139.763169444444,650,"北区埋蔵文化財調査報告第11集　中里遺跡　東日本旅客鉄道株式会社東京地域本社ビル地点","7475|7476",24,1.61305425304854,35.7422564814815,139.752763888889
"東京","三吉野遺跡群桜木地区","東京都西多摩郡日の出町大字平井字三吉野",35.7414805555556,139.279711111111,1835,"平井ッ原の地形と縄文人-三吉野遺跡群井戸端地区とその周辺-","6965|6966",25,2.01634976527858,35.7417555555556,139.268570833334
"東京","三吉野遺跡群桜木地区","東京都西多摩郡日の出町",35.7420305555556,139.257430555556,2133,"日の出町埋蔵文化財調査報告書第7集　日の出町埋蔵文化財調査年報(平成15年度〜平成20年度)","7645",25,2.01634976527858,35.7417555555556,139.268570833334
"東京","神明上遺跡","日野市神明3丁目3番1および2号",35.6735694444444,139.392461111111,1879,"弥生農耕の起源と東アジア-炭素14年代測定による高精度編年体系の構築-平成16～20年文部科学省・科学研究費学術創成研究費　研究成果報告書","3718|3719|3720",26,0.970622865289758,35.66995,139.395470833333
"東京","神明上遺跡","日野市川辺堀之内",35.6663305555556,139.398480555556,2222,"東京都埋蔵文化財センター調査報告第213集　日野市No.16遺跡･神明上遺跡","7661",26,0.970622865289758,35.66995,139.395470833333
"東京","武蔵国府関連遺跡","府中市宮町",35.6691111111111,139.481569444444,1869,"府中市埋蔵文化財調査報告第33集　武蔵国府関連遺跡調査報告　31","7730|7731|7732|7733|7734|7735|7736|7737|7738|7739|7740|7741",27,2.95455391013866,35.6685217592592,139.473451851852
"東京","武蔵国府関連遺跡","府中市宮町",35.6691111111111,139.481569444444,1870,"府中市埋蔵文化財調査報告第36集　武蔵国府関連遺跡調査報告　34　府中駅南口第三地区第一種市街地再開発事業建設に伴う事前調査","7742|7743|7744|7745|7746|7747|7748|7749|7750",27,2.95455391013866,35.6685217592592,139.473451851852
"東京","武蔵国府関連遺跡","府中市日吉町",35.6634611111111,139.485530555556,1872,"府中市埋蔵文化財調査報告第40集　武蔵国府関連遺跡調査報告　37","7753|7754|7755",27,2.95455391013866,35.6685217592592,139.473451851852
"東京","武蔵国府関連遺跡","府中市本宿町･西府町",35.6704888888889,139.459211111111,1873,"府中市埋蔵文化財調査報告第44集　武蔵国府関連遺跡調査報告　40　第3分冊","7756|7757|7758",27,2.95455391013866,35.6685217592592,139.473451851852
"東京","武蔵国府関連遺跡","府中市西府町",35.6724888888889,139.454830555556,1874,"府中市埋蔵文化財調査報告第45集　西府･本宿町地域の調査2","7759|7760|7761",27,2.95455391013866,35.6685217592592,139.473451851852
"東京","武蔵国府関連遺跡","府中市本町",35.6664694444444,139.478,1875,"府中市埋蔵文化財調査報告第51集　武蔵国府関連遺跡調査報告　47　国府地域の調査33　武蔵国府跡(御殿地地区)発掘調査報告","7762|7763|7764|7765|7766|7767",27,2.95455391013866,35.6685217592592,139.473451851852
"神奈川","稲荷山貝塚","横浜市南区山谷56他",35.428,139.625380555556,1879,"弥生農耕の起源と東アジア-炭素14年代測定による高精度編年体系の構築-平成16～20年文部科学省・科学研究費学術創成研究費　研究成果報告書","2038|2062|2063|2064|2065|2066|2067|2068|2069|2070|2071|2072|2073|2074|2075|2076|2077|2078|2079|2080|2081|4215|4216",28,0.164684202757768,35.4287305555555,139.625540277778
"神奈川","稲荷山貝塚","横浜市南区山谷",35.4294611111111,139.6257,81,"かながわ考古学財団調査報告131　稲荷山貝塚","8120|8121|8122|8123|8124|8125|8126|8127",28,0.164684202757768,35.4287305555555,139.625540277778
"神奈川","橋本遺跡","相模原市緑区元橋本町",35.6031305555556,139.336619444444,2662,"相模原市埋蔵文化財調査報告43　橋本遺跡　第13･14･19次調査","8352",29,4.90649798377286,35.5870708333333,139.355225
"神奈川","橋本遺跡","相模原市",35.5710111111111,139.373830555556,2422,"橋本遺跡Ⅵ　先土器時代編","8353|8354|8355|8356|8357|8358",29,4.90649798377286,35.5870708333333,139.355225
"神奈川","中屋敷遺跡","足柄上郡大井町山田643",35.3338388888889,139.163511111111,1879,"弥生農耕の起源と東アジア-炭素14年代測定による高精度編年体系の構築-平成16～20年文部科学省・科学研究費学術創成研究費　研究成果報告書","2135|2136|2137|2138|2139|2140|2141",30,0.540497775511894,35.3347462962963,139.167316666666
"神奈川","中屋敷遺跡","足柄上郡大井町山田中屋敷",35.3352,139.169219444444,343,"中屋敷遺跡発掘調査報告書","8726|8727|8728|8729|8730|8731|8732|8733|8734|8735|8736|8737|8738|8739|8740|8741",30,0.540497775511894,35.3347462962963,139.167316666666
"神奈川","中屋敷遺跡","足柄上郡大井町山田中屋敷",35.3352,139.169219444444,344,"中屋敷遺跡発掘調査報告書Ⅱ　第７･8次調査","8742|8743|8744|8745|8746|8747|8748|8749|8750|8751|8752|8753|8754",30,0.540497775511894,35.3347462962963,139.167316666666
"青森","富ノ沢(2)遺跡","上北郡六ヶ所村",40.9791611111111,141.363569444444,1879,"弥生農耕の起源と東アジア-炭素14年代測定による高精度編年体系の構築-平成16～20年文部科学省・科学研究費学術創成研究費　研究成果報告書","309|310",31,3.74053437344201,40.9756407407407,141.349502777777
"青森","富ノ沢(2)遺跡","上北郡六ヶ所村大字尾駮字上尾駮",40.9686,141.321369444444,3465,"青森県埋蔵文化財報告書第28集　むつ小川原開発予定地域内埋蔵文化財試掘調査概報","8985",31,3.74053437344201,40.9756407407407,141.349502777777
"青森","富ノ沢(2)遺跡","上北郡六ヶ所村",40.9791611111111,141.363569444444,3471,"青森県埋蔵文化財調査報告書第118集　富ノ沢(1)･(2)遺跡","11268|11269",31,3.74053437344201,40.9756407407407,141.349502777777
"青森","館平遺跡","八戸市大字新井田字前田",40.4926194444444,141.521561111111,3690,"青森県埋蔵文化財調査報告書第533集　館平遺跡Ⅱ","9120|9121|9122|9123",32,0.445654236453866,40.4907152777778,141.522390277778
"青森","館平遺跡","八戸市大字新井田字古戸沢",40.4888111111111,141.523219444444,539,"八戸市埋蔵文化財調査報告書第143集　八戸市内遺跡発掘調査報告書31","9124|9125",32,0.445654236453866,40.4907152777778,141.522390277778
"青森","亀ヶ岡遺跡","西津軽郡木造町",40.80915,140.379869444444,3730,"青森県立郷土館調査報告第17集･考古−6　亀ヶ岡石器時代遺跡","9144|9145|9146|9147",33,8.77226010391532,40.84475,140.357344444444
"青森","亀ヶ岡遺跡","つがる市木造館岡沢根",40.88035,140.334819444444,379,"亀ヶ岡文化の低湿地遺跡　冷温帯地域の遺跡資源の保存活用促進プロジェクト調査成果報告書1","9148|9149|9150|9151|9152|9153|9154|9155|9156|9157|9158|9159|9160|9161|9162|9163",33,8.77226010391532,40.84475,140.357344444444
"青森","高館遺跡","黒石市大字高舘字丁高原",40.6803194444444,140.625269444444,3603,"青森県埋蔵文化財調査報告書第40集　黒石市高館遺跡発掘調査報告書","9507",34,4.9436198568961,40.6614194444444,140.609829166666
"青森","高館遺跡","黒石市",40.6425194444444,140.594388888889,3603,"青森県埋蔵文化財調査報告書第40集　黒石市高館遺跡発掘調査報告書","9508|9509|9510",34,4.9436198568961,40.6614194444444,140.609829166666
"青森","根井沼(3)遺跡","三沢市大字三沢字早稲田5",40.7481111111111,141.371961111111,1879,"弥生農耕の起源と東アジア-炭素14年代測定による高精度編年体系の構築-平成16～20年文部科学省・科学研究費学術創成研究費　研究成果報告書","352|353|354|355|356",35,7.19009783234995,40.7157652777777,141.370205555556
"青森","根井沼(3)遺跡","三沢市字早稲田",40.6834194444444,141.36845,233,"三沢市埋蔵文化財調査報告書第23集　根井沼(3)遺跡","9536|9537|9538|9539|9540",35,7.19009783234995,40.7157652777777,141.370205555556
"青森","三内遺跡","青森市大字三内",40.8187611111111,140.697969444444,3585,"青森県埋蔵文化財調査報告書第37集　青森市三内遺跡","9664",36,1.16625180490695,40.8138555555555,140.695504166666
"青森","三内遺跡","青森市大字三内字丸山",40.80895,140.693038888889,3622,"青森県埋蔵文化財調査報告書第434集　三内遺跡Ⅱ･三内丸山(9)遺跡","9666|9669",36,1.16625180490695,40.8138555555555,140.695504166666
"青森","市子林遺跡","八戸市大字妙字油久保",40.4839194444444,141.5309,1879,"弥生農耕の起源と東アジア-炭素14年代測定による高精度編年体系の構築-平成16～20年文部科学省・科学研究費学術創成研究費　研究成果報告書","3987",37,1.61528338435361,40.4887092592592,141.529912962963
"青森","市子林遺跡","八戸市大字妙字油久保",40.4839194444444,141.5309,533,"八戸市埋蔵文化財調査報告書第102集　八戸市内遺跡発掘調査報告書18","9960",37,1.61528338435361,40.4887092592592,141.529912962963
"青森","市子林遺跡","八戸市大字新井田字山道",40.4982888888889,141.527938888889,3678,"青森県埋蔵文化財調査報告書第516集　市子林遺跡　館平遺跡","9961|9962|9963|9964|9965|9966|9967|9968|9969|9970|9971|9972|9973|9974|9975|9976|9977|9978|9979|9980",37,1.61528338435361,40.4887092592592,141.529912962963
"青森","田代遺跡","八戸市南郷大字島守",40.3928611111111,141.502961111111,1879,"弥生農耕の起源と東アジア-炭素14年代測定による高精度編年体系の構築-平成16～20年文部科学省・科学研究費学術創成研究費　研究成果報告書","321|322|323|324|325|326|327|328|329",38,6.2419473153799,40.4306236111111,141.478436111111
"青森","田代遺跡","八戸市南郷区大字島守字番屋",40.4432111111111,141.470261111111,538,"八戸市埋蔵文化財調査報告書第140集　八戸市内遺跡発掘調査報告書30","10123|10124",38,6.2419473153799,40.4306236111111,141.478436111111
"青森","田代遺跡","八戸市南郷区大字島守字番屋",40.4432111111111,141.470261111111,3607,"青森県埋蔵文化財調査報告書第413集　田代遺跡","11048|11049|11050|11051|11052|11053|11054|11055|11056|11057|11058|11059|11060",38,6.2419473153799,40.4306236111111,141.478436111111
"青森","田代遺跡","八戸市南郷区大字島守字番屋",40.4432111111111,141.470261111111,3671,"青森県埋蔵文化財調査報告書第506集　田代遺跡Ⅲ","11061|11062|11063|11064|11065|11066|11067|11068|11069|11070",38,6.2419473153799,40.4306236111111,141.478436111111
"青森","上野遺跡","八戸市大字上野字上野",40.47815,141.41995,3539,"青森県埋蔵文化財調査報告書第297集　上野遺跡","10164|10165|10166",39,66.0326841324691,40.6270402777778,141.082175
"青森","上野遺跡","青森市浪岡大字樽沢字村元",40.7759305555556,140.7444,3657,"青森県埋蔵文化財調査報告書第486集　上野遺跡Ⅱ","10167|10168|10169",39,66.0326841324691,40.6270402777778,141.082175
"青森","新町野遺跡","青森市野木字山口",40.75985,140.749280555556,3514,"青森県埋蔵文化財調査報告書第239集　新町野遺跡･野木遺跡","10211|10212",40,1.18695916769662,40.7665076388889,140.752397916667
"青森","新町野遺跡","青森市新町野字菅谷",40.7695,140.7504,3530,"青森県埋蔵文化財調査報告書第275集　新町野遺跡Ⅱ","10217|10218|10219|10220",40,1.18695916769662,40.7665076388889,140.752397916667
"青森","新町野遺跡","青森市大字合子沢字松森",40.7671805555556,140.759511111111,3453,"青森市埋蔵文化財調査報告書第54集-1　新町野遺跡発掘調査報告書Ⅱ","10221|10222|10223|10224",40,1.18695916769662,40.7665076388889,140.752397916667
"青森","新町野遺跡","青森市大字新町野字菅谷",40.7695,140.7504,3462,"青森市埋蔵文化財調査報告書第98集　新町野遺跡発掘調査報告書Ⅳ","10225|10226|10227|10228|10229|10230|10231|10232|10233|10234|10235|10236|10237|10238|10239|10240|10241|10242|10243|10244|10245|10246|10247|10248|10249|10250|10251|10252|10253",40,1.18695916769662,40.7665076388889,140.752397916667
"青森","新田遺跡","八戸市大字是川字新田8-6外",40.4822694444444,141.491838888889,1879,"弥生農耕の起源と東アジア-炭素14年代測定による高精度編年体系の構築-平成16～20年文部科学省・科学研究費学術創成研究費　研究成果報告書","311|312|313|314|315|316|317|318|319|320",41,0.104441339352492,40.4822902777778,141.492454166667
"青森","新田遺跡","八戸市大字是川字新田",40.4823111111111,141.493069444444,3604,"青森県埋蔵文化財調査報告書第410集　新田遺跡Ⅱ","10316|10317|10318|10319|10320|10321|10322|10323|10324|10325",41,0.104441339352492,40.4822902777778,141.492454166667
"青森","朝日山(2)遺跡","青森市大字高田字朝日山",40.7581388888889,140.713330555556,3540,"青森県埋蔵文化財調査報告書第298集　朝日山(2)遺跡","10960|10961|10962|10963",42,2.46887927222083,40.7676531746032,140.712657936508
"青森","朝日山(2)遺跡","青森市大字細越字栄山",40.7803388888889,140.711761111111,3555,"青森県埋蔵文化財調査報告書第324集　朝日山(2)遺跡Ⅳ","10964|10965|10966|10967",42,2.46887927222083,40.7676531746032,140.712657936508
"青森","朝日山(2)遺跡","青森市大字高田字朝日山",40.7581388888889,140.713330555556,3579,"青森県埋蔵文化財調査報告書第369集　朝日山(2)遺跡Ⅸ","10968|10969|10970|10971|10972|10973",42,2.46887927222083,40.7676531746032,140.712657936508
"青森","朝日山(2)遺跡","青森市大字高田字朝日山",40.7581388888889,140.713330555556,3556,"青森県埋蔵文化財調査報告書第325集　朝日山(2)遺跡Ⅴ","10974|10975|10976|10977|10978|10979|10980",42,2.46887927222083,40.7676531746032,140.712657936508
"青森","朝日山(2)遺跡","青森市大字細越字栄山",40.7803388888889,140.711761111111,3571,"青森県埋蔵文化財調査報告書第349集　朝日山(2)遺跡Ⅵ","10981|10982|10983|10984|10985",42,2.46887927222083,40.7676531746032,140.712657936508
"青森","朝日山(2)遺跡","青森市大字高田字朝日山",40.7581388888889,140.713330555556,3572,"青森県埋蔵文化財調査報告書第350集　朝日山(2)遺跡Ⅶ","10986|10987",42,2.46887927222083,40.7676531746032,140.712657936508
"青森","朝日山(2)遺跡","青森市大字細越字栄山",40.7803388888889,140.711761111111,3578,"青森県埋蔵文化財調査報告書第368集　朝日山(2)遺跡Ⅷ","10988|10989|10990|10991|10992|10993",42,2.46887927222083,40.7676531746032,140.712657936508
"青森","野木遺跡","青森市合子沢字松森",40.7671805555556,140.759511111111,3514,"青森県埋蔵文化財調査報告書第239集　新町野遺跡･野木遺跡","10213|10214|10215|10216",43,1.18695916769662,40.7653479166667,140.756953472222
"青森","野木遺跡","青森市合子沢字松森",40.7671805555556,140.759511111111,3525,"青森県埋蔵文化財調査報告書第264集　野木遺跡Ⅱ(第5分冊)","11528|11529|11530|11531",43,1.18695916769662,40.7653479166667,140.756953472222
"青森","野木遺跡","青森市大字野木字山口",40.75985,140.749280555556,3454,"青森市埋蔵文化財調査報告書第54集-5　野木遺跡発掘調査報告書Ⅱ(平安時代遺物.分析.総論片)","11532|11533|11534|11535|11536|11537|11538|11539|11540|11541|11542|11543|11544|11545|11546|11547|11548|11549|11550",43,1.18695916769662,40.7653479166667,140.756953472222
"青森","野木遺跡","青森市合子沢字松森",40.7671805555556,140.759511111111,3535,"青森県埋蔵文化財調査報告書第281集　野木遺跡Ⅲ(第6分冊)","11551|11552|11553",43,1.18695916769662,40.7653479166667,140.756953472222
"青森","弥次郎窪遺跡","八戸市大字十日市字弥次郎窪",40.4781388888889,141.507780555556,3513,"青森県埋蔵文化財調査報告書第238集　見立山(1)遺跡　弥次郎窪遺跡Ⅱ","9374|9375|9376|9377|9378",44,4.03632030366024,40.4893796296296,141.501857407408
"青森","弥次郎窪遺跡","八戸市",40.5118611111111,141.490011111111,3477,"青森県埋蔵文化財調査報告書第128集　弥次郎窪遺跡発掘調査報告書","11558|11559",44,4.03632030366024,40.4893796296296,141.501857407408
"青森","弥次郎窪遺跡","八戸市大字十日市字弥次郎窪",40.4781388888889,141.507780555556,3707,"青森県埋蔵文化財調査報告書第561集　弥次郎窪遺跡Ⅲ　潟野遺跡Ⅳ","11560",44,4.03632030366024,40.4893796296296,141.501857407408
"岩手","骨寺村荘園遺跡","一関市厳美町字中川",38.9813888888889,140.938569444444,3818,"骨寺村荘園遺跡発掘調査報告書","11965|11966",45,1.37950638263207,38.9792925925926,140.943146296296
"岩手","骨寺村荘園遺跡","一関市厳美町字駒形",38.9751,140.9523,202,"一関市埋蔵文化財発掘調査報告書第18集　骨寺村荘園遺跡確認調査報告書","11967|11968|11969|11970|11971",45,1.37950638263207,38.9792925925926,140.943146296296
"岩手","骨寺村荘園遺跡","一関市厳美町字中川",38.9813888888889,140.938569444444,203,"一関市埋蔵文化財発掘調査報告書第19集　骨寺村荘園遺跡確認調査報告書","11978|11979|11980|11981|11992|11993|11994|11995|11996|11997|11998|11999|12000|12001|12002|12003|12004|12005|12006|12007",45,1.37950638263207,38.9792925925926,140.943146296296
"岩手","石曽根遺跡","北上市和賀町煤孫第2地割56-6ほか",39.2733305555556,140.991230555556,1614,"岩手県文化振興事業団埋蔵文化財調査報告書第156集　間館Ⅰ遺跡発掘調査報告書","11746",46,0.612356205526267,39.2744097222223,140.987965277778
"岩手","石曽根遺跡","和賀郡和賀町煤孫第2地割",39.2754888888889,140.9847,1616,"岩手県文化振興事業団埋蔵文化財調査報告書第165集　石曽根遺跡発掘調査報告書","12380|12381|12382",46,0.612356205526267,39.2744097222223,140.987965277778
"岩手","台太郎遺跡","盛岡市向中野",39.6835388888889,141.144811111111,2659,"盛南地区遺跡群発掘調査報告書Ⅶ-盛岡南新都市開発整備事業関連遺跡平成19〜21年度発掘調査-","12341|12342|12343|12344|12345|12346|12347|12348|12349",47,2.37053026744207,39.6769347222222,141.155665277778
"岩手","台太郎遺跡","盛岡市向中野字向中野",39.6703305555556,141.166519444444,1715,"岩手県文化振興事業団埋蔵文化財調査報告書第579集　台太郎遺跡第66次発掘調査報告書","12490|12491|12492|12493|12494|12495|12496",47,2.37053026744207,39.6769347222222,141.155665277778
"岩手","大橋遺跡","北上市和賀町横川目6地割38他",39.3083,140.964280555556,1879,"弥生農耕の起源と東アジア-炭素14年代測定による高精度編年体系の構築-平成16～20年文部科学省・科学研究費学術創成研究費　研究成果報告書","1798|1799|1800|1801|1802|1803|1804|1805|1806|1807|1808|1809|1810|1811|1812|1813|1814|1815|1816|1817|1818|1819|1820|1821|1822|1823|1824|1825|1826|1827|1828|1829|1830|1831|1832|1833|1834|1835|1836|1837|1838|1839|1840|1841|1842|1843|1844|1845|1856|1857|1858|1859|1860|1861|1862|1863|1864|1865|1866|1867|1868|1869",48,1.94754160422779,39.3077694444444,140.97555
"岩手","大橋遺跡","北上市和賀町横川目",39.3072388888889,140.986819444444,1666,"岩手県文化振興事業団埋蔵文化財調査報告書第481集　大橋遺跡発掘調査報告書(第1分冊　本文･観察表編)","12502|12503|12504|12505|12506|12507|12508|12509|12510|12511|12512|12513|12514|12515|12516|12517|12518|12519|12520|12521|12522|12523|12524|12525|12526|12527|12528|12529|12530|12531",48,1.94754160422779,39.3077694444444,140.97555
"岩手","大清水上遺跡","胆沢郡胆沢町若柳字慶存",39.1222305555556,141.088988888889,1662,"岩手県文化振興事業団埋蔵文化財調査報告書第475集　大清水上遺跡発掘調査報告書　第1分冊(本文･遺構図版編)","12532|12533|12534|12535|12536|12537|12538",49,11.0762728985613,39.115725,141.0255
"岩手","大清水上遺跡","奥州市胆沢区若柳字慶存",39.1092194444444,140.962011111111,1039,"奥州市埋蔵文化財調査報告書第3集　大清水上遺跡発掘調査報告書","12539|12540",49,11.0762728985613,39.115725,141.0255
"岩手","大平野Ⅱ遺跡","奥州市胆沢区若柳字大平野",39.1255611111111,141.049819444444,1714,"岩手県文化振興事業団埋蔵文化財調査報告書第576集　大平野Ⅱ遺跡発掘調査報告書","12580|12581|12582|12583|12584|12585|12586|12587|12588|12589",50,5.56791506004675,39.1247958333334,141.017640277778
"岩手","大平野Ⅱ遺跡","奥州市胆沢区大平野",39.1240305555556,140.985461111111,1733,"岩手県文化振興事業団埋蔵文化財調査報告書第609集　大平野Ⅱ遺跡発掘調査報告書","12590|12591",50,5.56791506004675,39.1247958333334,141.017640277778
"岩手","中平遺跡","九戸郡野田村第13地割",40.1101805555556,141.817519444444,1728,"岩手県文化振興事業団埋蔵文化財調査報告書第602集　中平遺跡発掘調査報告書","12629|12630|12631",51,1.70790247968747,40.1067347222222,141.808565277778
"岩手","中平遺跡","九戸郡野田村大字野田第22地割",40.1032888888889,141.799611111111,3294,"野田村埋蔵文化財発掘調査報告書第1集　中平遺跡発掘調査報告書-143地点-","12632|12633",51,1.70790247968747,40.1067347222222,141.808565277778
"岩手","蓬田遺跡","遠野市",39.328,141.533138888889,3242,"遠野市埋蔵文化財調査報告書第5集　高瀬Ⅰ･Ⅱ遺跡","11952",52,2.50900120533061,39.3391805555556,141.535244444445
"岩手","蓬田遺跡","遠野市松崎町白岩31地割",39.3503611111111,141.53735,3244,"遠野市埋蔵文化財調査報告書第7集　蓬田遺跡　第2次発掘調査報告書","12994|12995|12996",52,2.50900120533061,39.3391805555556,141.535244444445
"岩手","木戸井内Ⅳ遺跡","宮古市大字千徳第14地割字木戸井内",39.6256111111111,141.929138888889,1685,"岩手県文化振興事業団埋蔵文化財調査報告書第529集　木戸井内Ⅳ遺跡･隠里Ⅲ遺跡発掘調査報告書","13026",53,0.728840565371624,39.6241708333334,141.925325
"岩手","木戸井内Ⅳ遺跡","宮古市松山第7地割",39.6227305555556,141.921511111111,1771,"岩手県文化振興事業団埋蔵文化財調査報告書第659集　木戸井内Ⅳ遺跡･磯鶏石崎遺跡発掘調査報告書","13030|13031|13032|13033|13034",53,0.728840565371624,39.6241708333334,141.925325
"岩手","野古A遺跡","盛岡市本宮字野古",39.6816888888889,141.12605,2658,"盛南地区遺跡群発掘調査報告書Ⅴ-盛岡南新都市開発整備事業関連遺跡平成13〜18年度発掘調査②-","12339|12340",54,0.193866325937161,39.6814597222223,141.127140277778
"岩手","野古A遺跡","盛岡市下鹿妻字北",39.6812305555556,141.128230555556,1647,"岩手県文化振興事業団埋蔵文化財調査報告書第420集　野古A遺跡第12次発掘調査報告書","13036|13037",54,0.193866325937161,39.6814597222223,141.127140277778
"宮城","山王遺跡","多賀城市山王字山王四区",38.2951888888889,140.977688888889,951,"多賀城市文化財調査報告書第115集　桜井館跡ほか　桜井館跡第3次調査　西沢遺跡第25次調査　山王遺跡第139次調査","13268|13269",55,2.37689969243322,38.2995162037037,140.979177777778
"宮城","山王遺跡","多賀城市山王字毛上",38.3009,140.978588888889,948,"多賀城市文化財調査報告書第100集　山王遺跡-第66･68次発掘調査報告書-","13270|13271",55,2.37689969243322,38.2995162037037,140.979177777778
"宮城","山王遺跡","多賀城市山王字山王四区",38.2951888888889,140.977688888889,949,"多賀城市文化財調査報告書第109集　山王遺跡ほか","13272|13273",55,2.37689969243322,38.2995162037037,140.979177777778
"宮城","山王遺跡","多賀城市山王字中山王",38.2971611111111,140.975919444444,950,"多賀城市文化財調査報告書第114集　多賀城市内の遺跡2-平成25年度発掘調査報告書-","13274|13275",55,2.37689969243322,38.2995162037037,140.979177777778
"宮城","山王遺跡","多賀城市市川字多賀前",38.3086888888889,140.995,1081,"宮城県文化財調査報告書第171集　山王遺跡Ⅳ-多賀前地区考察編-","13276|13277",55,2.37689969243322,38.2995162037037,140.979177777778
"宮城","山王遺跡","多賀城市山王字西町浦",38.2999694444444,140.970180555556,952,"多賀城市文化財調査報告書第119集　多賀城市内の遺跡2-平成26年度発掘調査報告書-","13434|13435",55,2.37689969243322,38.2995162037037,140.979177777778
"宮城",NA,"名取市坪沼",38.1714388888889,140.891461111111,1090,"宮城県文化財調査報告書第52集　上深沢遺跡　東北自動車道遺跡調査報告書Ⅰ","",56,9999,NA,NA
"宮城",NA,"不明",NA,NA,1090,"宮城県文化財調査報告書第52集　上深沢遺跡　東北自動車道遺跡調査報告書Ⅰ","",56,9999,NA,NA
"宮城","新田遺跡","多賀城市新田字西後",38.2962888888889,140.958311111111,953,"多賀城市文化財調査報告書第121集　新田･山王遺跡　新田遺跡第97次･山王遺跡第147次発掘調査報告書","13429|13430",57,0.535409021189353,38.2974097222223,140.961020833333
"宮城","新田遺跡","多賀城市山王字南寿福寺",38.2985305555556,140.963730555556,952,"多賀城市文化財調査報告書第119集　多賀城市内の遺跡2-平成26年度発掘調査報告書-","13431|13432|13433",57,0.535409021189353,38.2974097222223,140.961020833333
"宮城","大木囲貝塚","七ヶ浜町",38.3055694444444,141.058461111111,1090,"宮城県文化財調査報告書第52集　上深沢遺跡　東北自動車道遺跡調査報告書Ⅰ","13384",58,1.17227748050761,38.3040824074074,141.049727777778
"宮城","大木囲貝塚","宮城郡七ヶ浜町大字東宮浜字東大木",38.3033388888889,141.045361111111,206,"七ヶ浜町文化財調査報告書第4集　大木囲貝塚-昭和52年度環境整備調査報告-","13525|13526|13527|13528|13529|13530|13531|13532|13533|13534|13535",58,1.17227748050761,38.3040824074074,141.049727777778
"宮城","大木囲貝塚","宮城郡七ヶ浜町大字東宮浜字東大木",38.3033388888889,141.045361111111,205,"七ヶ浜町文化財調査報告書第10集　大木囲貝塚","13536|13537|13538",58,1.17227748050761,38.3040824074074,141.049727777778
"宮城","中在家南遺跡","仙台市若林区荒井字中在家",38.2422694444444,140.932019444444,1879,"弥生農耕の起源と東アジア-炭素14年代測定による高精度編年体系の構築-平成16～20年文部科学省・科学研究費学術創成研究費　研究成果報告書","2178|2179|2180|2181|2182|2183|2192",59,6.16652677685835,38.2551041666667,140.900779166666
"宮城","中在家南遺跡","仙台市",38.2679388888889,140.869538888889,417,"仙台市文化財調査報告書第213集　中在家南遺跡他　第2分冊　分析･考察編","13602|13603|13604",59,6.16652677685835,38.2551041666667,140.900779166666
"宮城","中野高柳遺跡","仙台市宮城野区",38.2663194444444,140.910638888889,436,"仙台市文化財調査報告書第361集　中野高柳遺跡第1〜5次調査","13605|13606",60,6.03774182439301,38.2747847222222,140.943425
"宮城","中野高柳遺跡","仙台市宮城野区中野字県道前",38.28325,140.976211111111,1082,"宮城県文化財調査報告書第204集　中野高柳遺跡Ⅳ","13607|13608|13609",60,6.03774182439301,38.2747847222222,140.943425
"宮城","富沢遺跡","仙台市長町",38.23345,140.888411111111,448,"仙台市文化財調査報告書第98集　富沢　富沢遺跡第15次発掘調査報告書","13631|13632|13633|13634|13635|13636|13637|13638|13639|13640|13641|13642|13643|13644|13645",61,5.55098030915739,38.2270827160494,140.877697839506
"宮城","富沢遺跡","仙台市長町南",38.2228388888889,140.880138888889,405,"仙台市文化財調査報告書第114集　富沢遺跡-第28次発掘調査報告書-","13646|13647|13648|13649|13650",61,5.55098030915739,38.2270827160494,140.877697839506
"宮城","富沢遺跡","仙台市",38.2679388888889,140.869538888889,407,"仙台市文化財調査報告書第128集　富沢･泉崎浦･山口遺跡-富沢遺跡第36〜48次･泉崎浦遺跡第4次･山口遺跡第5〜8次発掘調査報告書-","13651",61,5.55098030915739,38.2270827160494,140.877697839506
"宮城","富沢遺跡","仙台市太白区長町南",38.2228388888889,140.880138888889,409,"仙台市文化財調査報告書第149集　富沢遺跡-第30次発掘調査報告書Ⅰ(縄文〜近世編)-","13652|13653|13654|13655|13656",61,5.55098030915739,38.2270827160494,140.877697839506
"宮城","富沢遺跡","仙台市太白区長町南",38.2228388888889,140.880138888889,411,"仙台市文化財調査報告書第160集　富沢遺跡-第30次発掘調査報告書Ⅱ(旧石器時代編)-","13657|13658|13659|13660|13661|13662|13663|13664|13665|13666|13667|13668|13669|13670|13671|13672|13673|13674",61,5.55098030915739,38.2270827160494,140.877697839506
"宮城","富沢遺跡","仙台市太白区",38.2240694444444,140.877269444444,413,"仙台市文化財調査報告書第172集　富沢･泉崎浦･山口遺跡(6)-富沢遺跡第57･58･63･68次調査における旧石器時代の調査　富沢遺跡第69次発掘調査報告書-","13675|13676|13677|13678|13679",61,5.55098030915739,38.2270827160494,140.877697839506
"宮城","富沢遺跡","仙台市太白区",38.2240694444444,140.877269444444,412,"仙台市文化財調査報告書第171集　富沢･泉崎浦･山口遺跡(5)-富沢遺跡第78次･80〜85次発掘調査報告書-","13680",61,5.55098030915739,38.2270827160494,140.877697839506
"宮城","富沢遺跡","仙台市太白区長町南",38.2228388888889,140.880138888889,414,"仙台市文化財調査報告書第203集　富沢･泉崎浦･山口遺跡(8)-富沢遺跡第88次･89次発掘調査報告書-","13681|13682|13683|13684",61,5.55098030915739,38.2270827160494,140.877697839506
"宮城","富沢遺跡","仙台市太白区鹿野",38.2310194444444,140.874938888889,416,"仙台市文化財調査報告書第208集　富沢･泉崎浦･山口遺跡(9)-富沢遺跡第92〜94次･山口遺跡第15次発掘調査報告書-","13685|13686",61,5.55098030915739,38.2270827160494,140.877697839506
"宮城","富沢遺跡","仙台市太白区泉崎",38.2209111111111,140.869130555556,418,"仙台市文化財調査報告書第221集　富沢･泉崎浦･山口遺跡(11)-富沢遺跡第95〜99次･101発掘調査報告書-","13687|13688|13689",61,5.55098030915739,38.2270827160494,140.877697839506
"宮城","富沢遺跡","仙台市太白区長町",38.23345,140.888411111111,418,"仙台市文化財調査報告書第221集　富沢･泉崎浦･山口遺跡(11)-富沢遺跡第95〜99次･101発掘調査報告書-","13690|13691",61,5.55098030915739,38.2270827160494,140.877697839506
"宮城","富沢遺跡","仙台市太白区富沢",38.2179388888889,140.868411111111,419,"仙台市文化財調査報告書第231集　富沢･泉崎浦･山口遺跡(12)-富沢遺跡第102･103･106次発掘調査報告書-","13692|13693",61,5.55098030915739,38.2270827160494,140.877697839506
"宮城","富沢遺跡","仙台市太白区長町南",38.2228388888889,140.880138888889,420,"仙台市文化財調査報告書第235集　富沢遺跡-第104次調査報告書-","13694|13695",61,5.55098030915739,38.2270827160494,140.877697839506
"宮城","富沢遺跡","仙台市太白区長町南",38.2228388888889,140.880138888889,425,"仙台市文化財調査報告書第273集　富沢遺跡 第126次発掘調査報告書","13696|13697|13698|13699|13700",61,5.55098030915739,38.2270827160494,140.877697839506
"宮城","富沢遺跡","仙台市太白区長町南",38.2228388888889,140.880138888889,426,"仙台市文化財調査報告書第274集　保春院前遺跡他発掘調査報告書","13701",61,5.55098030915739,38.2270827160494,140.877697839506
"宮城","富沢遺跡","仙台市太白区長町南",38.2228388888889,140.880138888889,427,"仙台市文化財調査報告書第276集　富沢遺跡-第131次発掘調査報告書-","13702",61,5.55098030915739,38.2270827160494,140.877697839506
"宮城","富沢遺跡","仙台市太白区鹿野",38.2310194444444,140.874938888889,443,"仙台市文化財調査報告書第426集　富沢遺跡-第147次発掘調査報告書-","13703|13704|13705|13706",61,5.55098030915739,38.2270827160494,140.877697839506
"宮城","富沢遺跡","仙台市泉崎",38.2209111111111,140.869130555556,406,"仙台市文化財調査報告書第126集　富沢遺跡･泉崎浦遺跡-仙台市高速鉄道関係遺跡調査報告書Ⅰ-","13707|13708|13709|13710|13711|13712|13713|13714",61,5.55098030915739,38.2270827160494,140.877697839506
"宮城","里浜貝塚","東松島市宮戸",38.3342111111111,141.153880555556,2278,"東松島市文化財調査報告書第8集　里浜貝塚","13839|13840",62,1.81041983271827,38.3357361111111,141.143709722222
"宮城","里浜貝塚","桃生郡鳴瀬町宮戸",38.3372611111111,141.133538888889,3858,"鳴瀬町文化財調査報告書第5集　里浜貝塚　平成10年度発掘調査概報","13841|13842|13843|13844|13845",62,1.81041983271827,38.3357361111111,141.143709722222
"秋田","ヲフキ遺跡","由利郡象潟町大砂川字カクチタ",39.15775,139.9072,1879,"弥生農耕の起源と東アジア-炭素14年代測定による高精度編年体系の構築-平成16～20年文部科学省・科学研究費学術創成研究費　研究成果報告書","191",63,0.507870399811447,39.1573601851852,139.905306481481
"秋田","ヲフキ遺跡","由利郡象潟町大砂川字カクチタ",39.15775,139.9072,2886,"秋田県文化財調査報告書第322集　ヲフキ遺跡","13882|13883|13884|13885|13886|13887|13888|13889|13890|13891|13892|13893|13894|13895|13896|13897|13898|13899|13900|13901|13902|13903",63,0.507870399811447,39.1573601851852,139.905306481481
"秋田","ヲフキ遺跡","由利郡象潟町大砂川字ヲフキ",39.1565805555556,139.901519444444,2906,"秋田県文化財調査報告書第352集　ヲフキ遺跡","13904|13905|13906",63,0.507870399811447,39.1573601851852,139.905306481481
"秋田","伊勢堂岱遺跡","北秋田郡鷹巣町脇神字伊勢堂岱",40.2046,140.347380555556,2867,"秋田県文化財調査報告書第293集　伊勢堂岱遺跡","13915|13916|13917|13918|13919|13920|13921|13922|13923|13924|13925|13926|13927|13928|13929|13930|13931",64,2.20797203614713,40.2031522222222,140.357580555556
"秋田","伊勢堂岱遺跡","北秋田市脇神字伊勢堂岱",40.2009805555556,140.372880555556,679,"北秋田市埋蔵文化財調査報告書第13集　史跡伊勢堂岱遺跡発掘調査報告書","13932|13933|13934|13935|13936|13937|13938|13939|13940|13941|13942|13943|13944|13945",64,2.20797203614713,40.2031522222222,140.357580555556
"秋田","伊勢堂岱遺跡","北秋田郡鷹巣町脇神字伊勢堂岱",40.2046,140.347380555556,3869,"鷹巣町埋蔵文化財調査報告書第9集　伊勢堂岱遺跡発掘調査報告書Ⅱ","13946|13947|13948|13949",64,2.20797203614713,40.2031522222222,140.357580555556
"秋田","伊勢堂岱遺跡","北秋田郡鷹巣町脇神字伊勢堂岱",40.2046,140.347380555556,3868,"鷹巣町埋蔵文化財調査報告書第12集　伊勢堂岱遺跡発掘調査報告書Ⅳ","13950|13951",64,2.20797203614713,40.2031522222222,140.357580555556
"秋田","伊勢堂岱遺跡","北秋田市脇神",40.2009805555556,140.372880555556,867,"國學院大學文学部考古学実習報告第49集　石倉岱遺跡　2012年度発掘調査報告書","14926",64,2.20797203614713,40.2031522222222,140.357580555556
"秋田","古館堤頭Ⅱ遺跡","山本郡三種町森岳",40.0890805555556,140.060330555556,1879,"弥生農耕の起源と東アジア-炭素14年代測定による高精度編年体系の構築-平成16～20年文部科学省・科学研究費学術創成研究費　研究成果報告書","187",65,1.38930940038912,40.0832597222223,140.063315277778
"秋田","古館堤頭Ⅱ遺跡","山本郡三種町森岳古館堤頭",40.0774388888889,140.0663,2896,"秋田県文化財調査報告書第338集　古館堤頭Ⅱ遺跡","14268|14269|14270|14271|14272",65,1.38930940038912,40.0832597222223,140.063315277778
"秋田","高野遺跡","仙北郡田沢湖町神代字高野",39.6024111111111,140.589480555556,2921,"秋田県文化財調査報告書第372集　高野遺跡","14353|14354|14355",66,23.3016362027828,39.707325,140.586825
"秋田","高野遺跡","仙北市西木町上桧木内字宮田",39.8122388888889,140.584169444444,2978,"秋田県文化財調査報告書第477集　秋田県重要遺跡調査報告書Ⅲ-高野遺跡-","14356|14357",66,23.3016362027828,39.707325,140.586825
"秋田","秋田城跡","秋田市寺内",39.7388,140.094130555556,2816,"秋田城跡(秋田城跡調査事務所年報2003)","14530",67,2.23167574533664,39.7293402777778,140.098525
"秋田","秋田城跡","秋田市",39.7198805555556,140.102919444444,2815,"秋田城跡　昭和55年度秋田城跡発掘調査概報","14531|14532",67,2.23167574533664,39.7293402777778,140.098525
"秋田","菖蒲崎貝塚","本荘市川口字下菖蒲崎",39.3858,140.048919444444,2920,"秋田県文化財調査報告書第371集　菖蒲崎貝塚","14632|14633|14634|14635|14636|14637|14638|14639|14640|14641|14642|14643",68,1.28955195447793,39.3908347222222,140.05265
"秋田","菖蒲崎貝塚","由利本荘市川口字下菖蒲崎",39.3958694444444,140.056380555556,2623,"由利本荘市文化財調査報告書第17集　菖蒲崎貝塚発掘調査報告書-昭和59年度から平成21年度までの調査-","14644|14645|14646|14647|14648|14649|14650|14651|14652|14653|14654|14655|14656|14657|14658|14659|14660|14661|14662|14663|14664|14665|14666|14667|14668|14669|14670|14671|14672|14673|14674|14675|14676|14677|14678|14679|14680|14681",68,1.28955195447793,39.3908347222222,140.05265
"秋田","上谷地遺跡","本荘市土谷字上谷地",39.3858,140.048919444444,2935,"秋田県文化財調査報告書第395集　上谷地遺跡･新谷地遺跡","14726|14727|14728|14729|14730|14731|14732|14733|14734|14735|14736|14737|14738|14739|14740|14741|14742|14743|14744|14745|14746|14747|14748|14749|14750|14751|14752|14753|14754|14755",69,51.8293931728368,39.3631422222222,140.170921666666
"秋田","上谷地遺跡","由利本荘市土谷字小深田",39.38555,140.075711111111,2993,"秋田県文化財調査報告書第506集　上谷地遺跡･新谷地遺跡(第2次)","14756|14757|14758|14759|14760|14761|14762|14763|14764|14765|14766|14767|14768",69,51.8293931728368,39.3631422222222,140.170921666666
"秋田","上谷地遺跡","本荘市土谷字上谷地",39.3858,140.048919444444,2192,"本荘市文化財調査報告書第11集　上谷地遺跡詳細分布調査報告書-第2次調査-","14769",69,51.8293931728368,39.3631422222222,140.170921666666
"秋田","上谷地遺跡","本荘市土谷字上谷地",39.3858,140.048919444444,2193,"本荘市文化財調査報告書第14集　上谷地遺跡詳細分布調査報告書-第3次調査-","14770",69,51.8293931728368,39.3631422222222,140.170921666666
"秋田","上谷地遺跡","平鹿郡山内村平野沢字上谷地",39.2727611111111,140.632138888889,2844,"秋田県文化財調査報告書第241集　東北横断自動車道秋田線発掘調査報告書ⅩⅥ-上谷地遺跡-","15302|15303|15304|15305|15306|15307",69,51.8293931728368,39.3631422222222,140.170921666666
"秋田","深渡遺跡","北秋田郡森吉町森吉字深渡家ノ前",40.11655,140.37395,2865,"秋田県文化財調査報告書第286集　深渡遺跡","14830|14831|14832|14833|14834|14835|14836|14837|14838|14839|14840|14841|14842",70,16.9872527885628,40.0798694444444,140.461334722222
"秋田","深渡遺跡","北秋田市森吉字深渡家ノ前",40.0431888888889,140.548719444444,2943,"秋田県文化財調査報告書第407集　深渡遺跡","14843|14844|14845|14846|14847|14848|14849|14850|14851|14852|14853|14854|14855|14856|14857|14858|14859",70,16.9872527885628,40.0798694444444,140.461334722222
"秋田","松木台Ⅲ遺跡","河辺郡河辺町松渕字松木台",39.642,140.214888888889,2887,"秋田県文化財調査報告書第326集　松木台Ⅲ遺跡","14607|14608|14609|14610|14611|14612|14613|14614|14615|14616|14617|14618|14619|14620|14621|14622|14623|14624|14625|14626|14627|14628|14629|14630|14631",71,1.84243963645879,39.6417,140.204163888889
"秋田","松木台Ⅲ遺跡","河辺郡河辺町戸島字松木台",39.6414,140.193438888889,2824,"秋田県文化財調査報告書第150集　東北横断自動車道秋田線発掘調査報告書Ⅰ　石坂台Ⅳ遺跡･石坂台Ⅵ遺跡･石坂台Ⅶ遺跡･石坂台Ⅷ遺跡･石坂台Ⅸ遺跡･松木台Ⅲ遺跡","15261|15262|15263|15264",71,1.84243963645879,39.6417,140.204163888889
"秋田","脇本城跡","男鹿市脇本脇本字七沢",39.9021805555556,139.894030555556,2634,"男鹿市文化財調査報告第29集　国指定史跡　脇本城跡","15694|15695|15696",72,1.09762077419738,39.9030277777778,139.895497619048
"秋田","脇本城跡","男鹿市脇本字脇本",39.9081111111111,139.9043,2632,"男鹿市文化財調査報告第27集　脇本城跡Ⅱ-第8次･第9次･第10次調査報告-","15697|15698",72,1.09762077419738,39.9030277777778,139.895497619048
"秋田","脇本城跡","男鹿市脇本脇本字七沢",39.9021805555556,139.894030555556,2633,"男鹿市文化財調査報告第28集　脇本城跡Ⅲ-第11次･第12次調査報告-","15699|15700|15701",72,1.09762077419738,39.9030277777778,139.895497619048
"秋田","脇本城跡","男鹿市脇本脇本字七沢",39.9021805555556,139.894030555556,2635,"男鹿市文化財調査報告第32集　脇本城跡Ⅳ-第13次･第14次他調査報告-","15702",72,1.09762077419738,39.9030277777778,139.895497619048
"秋田","脇本城跡","男鹿市脇本脇本字七沢",39.9021805555556,139.894030555556,2636,"男鹿市文化財調査報告第35集　国指定史跡　脇本城跡Ⅴ-第15次･第16次　調査報告-","15703|15704|15705",72,1.09762077419738,39.9030277777778,139.895497619048
"秋田","脇本城跡","男鹿市脇本脇本字七沢",39.9021805555556,139.894030555556,2637,"男鹿市文化財調査報告第37集　国指定史跡　脇本城跡Ⅵ-第17次･第18次　確認調査報告-","15706|15707|15708|15709|15710|15711|15712|15713",72,1.09762077419738,39.9030277777778,139.895497619048
"秋田","脇本城跡","男鹿市脇本脇本字七沢",39.9021805555556,139.894030555556,2638,"男鹿市文化財調査報告第39集　国指定史跡　脇本城跡Ⅶ-第19次･第20次　確認調査報告-","15714|15715|15716|15717|15718",72,1.09762077419738,39.9030277777778,139.895497619048
"山形","山形城三の丸跡","山形市春日町",38.2529805555556,140.319811111111,1437,"山形県埋蔵文化財センター調査報告書第202集　山形城三の丸跡第5･7･8次発掘調査報告書","16053|16054|16055|16056|16057|16058|16059|16060|16061|16062|16063|16064|16065|16066|16067|16068|16069|16070",73,1.32400054234367,38.2549597222223,140.326945833333
"山形","山形城三の丸跡","山形市大手町",38.2569388888889,140.334080555556,1446,"山形県埋蔵文化財センター調査報告書第214集　山形城三の丸跡第12次発掘調査報告書","16071|16072",73,1.32400054234367,38.2549597222223,140.326945833333
"山形","お仲間林遺跡","西村山郡西川町大字入間字兵助新田2677・1554-2",38.4113194444444,140.05345,1995,"慶應義塾大学文学部民族学･考古学研究室　小報11　お仲間林遺跡の研究-1992年発掘調査-","15724",74,2.94258253190582,38.418525,140.067590277778
"山形","お仲間林遺跡","西村山郡西川町入間",38.4257305555556,140.081730555556,1996,"慶應義塾大学文学部民族学･考古学研究室報告13　上野A遺跡発掘調査報告書-尖頭器製作址の研究-","16288",74,2.94258253190582,38.418525,140.067590277778
"福島","河股城跡","伊達郡川俣町大字東福沢",37.6476194444444,140.588180555556,1811,"川俣町文化財調査報告書第8集　河股城跡発掘調査報告書Ⅰ","16871|16872",75,1.81775591729831,37.6539652777778,140.594690277778
"福島","河股城跡","伊達郡川俣町字池ノ入",37.6603111111111,140.6012,1809,"川俣町文化財調査報告書第20集　河股城跡発掘調査報告書Ⅴ","16873",75,1.81775591729831,37.6539652777778,140.594690277778
"福島","桜町遺跡","河沼郡湯川村大字桜町字中町",37.5541,139.899280555556,2760,"福島県文化財調査報告書第430集　会津縦貫北道路遺跡発掘調査報告5　荒屋敷遺跡(4次)　桜町遺跡(1次)","16874|16875|16876|16877|16878",76,0.136442749760183,37.5547520833333,139.898461805556
"福島","桜町遺跡","河沼郡湯川村大字桜町千苅",37.5549694444444,139.898188888889,2786,"福島県文化財調査報告書第474集　会津縦貫北道路遺跡発掘調査報告10　桜町遺跡(2次)","16884|16885|16886|16887|16888|16889|16890|16891|16892|16893|16894|16895|16896|16897|16898|16899|16900|16901|16902|16903|16904|16905",76,0.136442749760183,37.5547520833333,139.898461805556
"福島","桜町遺跡","河沼郡湯川村大字桜町千苅",37.5549694444444,139.898188888889,2792,"福島県文化財調査報告書第481集　会津縦貫北道路遺跡発掘調査報告11　桜町遺跡(3次)","16906|16907|16908|16909|16910|16911|16912|16913|16914|16915|16916|16917|16918|16919|16920",76,0.136442749760183,37.5547520833333,139.898461805556
"福島","桜町遺跡","河沼郡湯川村大字桜町千苅",37.5549694444444,139.898188888889,2794,"福島県文化財調査報告書第485集　会津縦貫北道路遺跡発掘調査報告12　桜町遺跡(4次)","16921|16922|16923|16924",76,0.136442749760183,37.5547520833333,139.898461805556
"福島","割田A遺跡","郡山市",37.3998111111111,140.360080555556,1879,"弥生農耕の起源と東アジア-炭素14年代測定による高精度編年体系の構築-平成16～20年文部科学省・科学研究費学術創成研究費　研究成果報告書","4166",77,62.6182891384479,37.4915305555555,140.566257407408
"福島","割田A遺跡","南相馬市鹿島区川子字割田",37.6749694444444,140.978611111111,2764,"福島県文化財調査報告書第439集　原町火力発電所関連遺跡調査報告Ⅹ[第4分冊　自然科学分析･考察編]","17015|17016|17017|17018|17019",77,62.6182891384479,37.4915305555555,140.566257407408
"福島","割田A遺跡","郡山市",37.3998111111111,140.360080555556,3418,"阿武隈川築堤関連　町B遺跡","17939",77,62.6182891384479,37.4915305555555,140.566257407408
"福島","小茶円遺跡","いわき市平山崎字小茶円",37.0567805555556,140.941788888889,66,"いわき市埋蔵文化財調査報告第76冊　小茶円遺跡　第1篇","17194|17195|17196|17197|17198|17199|17200|17201|17202|17203|17204|17205|17206|17207|17208",78,0.260904318041389,37.0574402777778,140.940575
"福島","小茶円遺跡","いわき市平山崎字馬場",37.0581,140.939361111111,68,"いわき市埋蔵文化財調査報告第81冊　小茶円遺跡　","17209",78,0.260904318041389,37.0574402777778,140.940575
"福島","馬場前遺跡","双葉郡楢葉町上小塙字馬場前他",37.2692611111111,140.986469444444,1879,"弥生農耕の起源と東アジア-炭素14年代測定による高精度編年体系の構築-平成16～20年文部科学省・科学研究費学術創成研究費　研究成果報告書","4048|4049|4050|4051|4052|4053|4054|4055|4056",79,1.58706213908935,37.2702333333333,140.974602777777
"福島","馬場前遺跡","双葉郡楢葉町大字上小塙",37.2707194444444,140.968669444444,2745,"福島県文化財調査報告書第378集　常磐自動車道遺跡調査報告25　馬場前遺跡(1次調査)","17238|17239",79,1.58706213908935,37.2702333333333,140.974602777777
"福島","馬場前遺跡","双葉郡楢葉町大字上小塙",37.2707194444444,140.968669444444,2750,"福島県文化財調査報告書第398集　常磐自動車道遺跡調査報告34　馬場前遺跡(2･3次調査)　〈写真編･付編〉","17248|17249|17250|17251|17252|17253|17254|17255|17256|17257",79,1.58706213908935,37.2702333333333,140.974602777777
"福島","高木遺跡","須賀川市浜尾字高木",37.2882,140.404880555556,1879,"弥生農耕の起源と東アジア-炭素14年代測定による高精度編年体系の構築-平成16～20年文部科学省・科学研究費学術創成研究費　研究成果報告書","4310|4311|4312",80,25.2578722910138,37.4019444444445,140.408845833333
"福島","高木遺跡","本宮市高木",37.5156888888889,140.412811111111,2750,"福島県文化財調査報告書第398集　常磐自動車道遺跡調査報告34　馬場前遺跡(2･3次調査)　〈写真編･付編〉","17258|17259|17260",80,25.2578722910138,37.4019444444445,140.408845833333
"福島","赤柴遺跡","南相馬市原町区馬場字赤柴",37.61985,140.925030555556,2784,"福島県文化財調査報告書第472集　常磐自動車道遺跡調査報告63　荒井遺跡　赤柴遺跡[第2分冊]","17560|17561|17562|17563|17564|17565|17566|17567|17568|17569|17570|17571|17572|17573|17574|17575|17576|17577|17578|17579|17580|17581|17582|17583|17584|17585|17586|17587|17588|17589|17590|17591|17592|17593|17594",81,26.5027581168377,37.7377055555556,140.901005555556
"福島","赤柴遺跡","相馬郡新地町駒ヶ嶺字赤柴",37.8555611111111,140.876980555556,2798,"福島県文化財調査報告書第491集　常磐自動車道遺跡調査報告68　赤柴前遺跡(3･4次調査)　赤柴遺跡　北狼沢A遺跡","17659|17660|17661|17662|17663|17664|17665|17666|17667|17668|17669|17670|17671|17672|17673|17674|17675|17676|17677|17678|17679|17680|17681|17682|17683|17684|17685|17686|17687|17688",81,26.5027581168377,37.7377055555556,140.901005555556
"福島","馬場小路遺跡","郡山市西田町三町目字馬場",37.4526388888889,140.441888888889,1879,"弥生農耕の起源と東アジア-炭素14年代測定による高精度編年体系の構築-平成16～20年文部科学省・科学研究費学術創成研究費　研究成果報告書","1076|4163",82,9.31714555084012,37.426225,140.400984722223
"福島","馬場小路遺跡","郡山市",37.3998111111111,140.360080555556,3418,"阿武隈川築堤関連　町B遺跡","17935|17936",82,9.31714555084012,37.426225,140.400984722223
"福島","石畑遺跡","郡山市西田町鬼生田字石畑",37.4710388888889,140.435011111111,1879,"弥生農耕の起源と東アジア-炭素14年代測定による高精度編年体系の構築-平成16～20年文部科学省・科学研究費学術創成研究費　研究成果報告書","4164",83,10.3184439576337,37.435425,140.397545833334
"福島","石畑遺跡","郡山市",37.3998111111111,140.360080555556,3418,"阿武隈川築堤関連　町B遺跡","17937",83,10.3184439576337,37.435425,140.397545833334
"福島","妙音寺遺跡","郡山市富久山町堂坂字上台",37.4311111111111,140.421011111111,1879,"弥生農耕の起源と東アジア-炭素14年代測定による高精度編年体系の構築-平成16～20年文部科学省・科学研究費学術創成研究費　研究成果報告書","1077|1078|1079|1080",84,6.41572817266136,37.4206777777778,140.400700925926
"福島","妙音寺遺跡","郡山市",37.3998111111111,140.360080555556,3418,"阿武隈川築堤関連　町B遺跡","17940|17941|17942|17943",84,6.41572817266136,37.4206777777778,140.400700925926
"福島","妙音寺遺跡","郡山市富久山町堂坂字上台",37.4311111111111,140.421011111111,3247,"郡山東部19　妙音寺遺跡(第2次)","18090|18091|18092|18093",84,6.41572817266136,37.4206777777778,140.400700925926
"福島","西田H遺跡","田村郡小野町",37.2861805555556,140.623719444444,1879,"弥生農耕の起源と東アジア-炭素14年代測定による高精度編年体系の構築-平成16～20年文部科学省・科学研究費学術創成研究費　研究成果報告書","3131|3132",85,3.52290643151737,37.2819675925926,140.597765740741
"福島","西田H遺跡","田村郡小野町大字菖蒲谷字西田",37.2798611111111,140.584788888889,2757,"福島県文化財調査報告書第424集　こまちダム遺跡発掘調査報告3　堂田A遺跡　西田H遺跡　写真･付編","17986|17987|17988|17989",85,3.52290643151737,37.2819675925926,140.597765740741
"福島","西田H遺跡","田村郡小野町大字菖蒲谷字西田",37.2798611111111,140.584788888889,2733,"福島県文化財センター白川館研究紀要2015","32600|32601|32607|32613|32614|32619|32621|32623|32624|32625|32629|32630|32631|32632",85,3.52290643151737,37.2819675925926,140.597765740741
"新潟","沖ノ羽遺跡","新津市大字古田ノ内大野開字山王浦",37.81225,139.128111111111,2452,"沖ノ羽遺跡発掘調査報告書","18231",86,1.23254488161018,37.8180037037037,139.133983333333
"新潟","沖ノ羽遺跡","新津市大字七日町字沖ノ羽",37.8208805555556,139.136919444444,2117,"新潟県埋蔵文化財調査報告書第80集　磐越自動車道関係発掘調査報告書　沖ノ羽遺跡Ⅱ(B地区)","18232|18233",86,1.23254488161018,37.8180037037037,139.133983333333
"新潟","沖ノ羽遺跡","新潟市秋葉区七日町字沖ノ羽",37.8208805555556,139.136919444444,2451,"沖ノ羽遺跡Ⅳ　第19･22･24次調査　本文編","18234|18235|18236|18237|18238|18239|18240|18241|18242|18243|18244|18245|18246|18247|18248|18249|18250|18251|18252|18253|18254|18255|18256|18257|18258",86,1.23254488161018,37.8180037037037,139.133983333333
"新潟","釜蓋遺跡","上越市大字稲荷",37.0690194444445,138.245238888889,1879,"弥生農耕の起源と東アジア-炭素14年代測定による高精度編年体系の構築-平成16～20年文部科学省・科学研究費学術創成研究費　研究成果報告書","2285|2286|2287|2288",87,1.2458084769734,37.0764990740741,138.245546296296
"新潟","釜蓋遺跡","上越市大和5丁目",37.0802388888889,138.2457,3322,"釜蓋遺跡","18323|18324|18325|18326|18327|18328|18329|18330|18331",87,1.2458084769734,37.0764990740741,138.245546296296
"新潟","釜蓋遺跡","上越市大和5丁目",37.0802388888889,138.2457,789,"史跡斐太遺跡群　釜蓋遺跡確認調査概要報告書1","18332|18333|18334|18335",87,1.2458084769734,37.0764990740741,138.245546296296
"新潟","五千石遺跡","長岡市寺泊敦ヶ曽根",37.6161388888889,138.826869444444,387,"五千石遺跡　1区･3区･4区東地区･5区","18628|18629|18630|18631|18632|18633|18634|18635|18636|18637|18638|18639|18640",88,0.582453107860593,37.6143388888889,138.829269444444
"新潟","五千石遺跡","燕市五千石",37.6125388888889,138.831669444444,2596,"燕市埋蔵文化財発掘調査報告書第6集　五千石遺跡2区･4区西地区","18641|18642|18643|18644|18645|18646|18647|18648|18649|18650",88,0.582453107860593,37.6143388888889,138.829269444444
"新潟","細池寺道上遺跡","新潟市秋葉区大安寺",37.7999194444444,139.159,3022,"細池寺道上遺跡Ⅳ　第43次調査","18681|18682|18683|18684",89,0.628680194592047,37.7978990740741,139.154979629629
"新潟","細池寺道上遺跡","新潟市秋葉区東金沢字稲場",37.7968888888889,139.152969444444,3023,"細池寺道上遺跡Ⅴ　第32･38･41次調査　西江浦遺跡第6次調査　本文編","18685|18686|18687|18688|18689|18690|18691|18692|18693|18694|18695",89,0.628680194592047,37.7978990740741,139.154979629629
"新潟","細池寺道上遺跡","新潟市秋葉区東金沢字家浦",37.7968888888889,139.152969444444,3024,"細池寺道上遺跡Ⅵ　第44次調査　本文編","18696|18697|18698|18699|18700|18701|18702|18703|18704|18705",89,0.628680194592047,37.7978990740741,139.154979629629
"新潟","上郷遺跡","新潟市江南区横越字上郷",37.85095,139.146469444444,2110,"新潟県埋蔵文化財調査報告書第62集　横雲バイパス関係発掘調査報告書　上郷遺跡Ⅰ","18812",90,0.630891257450455,37.8537652777778,139.145979166667
"新潟","上郷遺跡","中蒲原郡横越村横越字上郷",37.8565805555556,139.145488888889,2110,"新潟県埋蔵文化財調査報告書第62集　横雲バイパス関係発掘調査報告書　上郷遺跡Ⅰ","18813",90,0.630891257450455,37.8537652777778,139.145979166667
"新潟","大坂上道遺跡","東蒲原郡津川町大字西字大坂上道西",37.6791194444444,139.461069444444,2112,"新潟県埋蔵文化財調査報告書第68集　磐越自動車道関係発掘調査報告書　大坂上道遺跡･猿額遺跡･中棚遺跡･牧ノ沢遺跡","18987|18988|18989",91,4.4257169346745,37.672775,139.437290277777
"新潟","大坂上道遺跡","東蒲原郡阿賀町大字西字大坂上道西",37.6664305555556,139.413511111111,2062,"新潟県埋蔵文化財調査報告書第186集　一般国道49号揚川改良関係発掘調査報告書Ⅱ　大坂上道遺跡Ⅱ･猿額遺跡Ⅱ","18990|18991",91,4.4257169346745,37.672775,139.437290277777
"新潟","久保寺南遺跡","中魚沼郡中里村大字貝野字久保寺戊",36.9739888888889,138.716861111111,357,"中里村文化財調査報告書第9輯　久保寺南遺跡","18432|18433|18434|18435|18436|18437|18438",92,17.3777220247349,37.0507291666666,138.736215277777
"新潟","久保寺南遺跡","十日町市",37.1274694444444,138.755569444444,2475,"津南学叢書第8輯　〈津南シンポジウムⅣ〉　縄文文化の胎動-予稿集-","19071|19072|19073",92,17.3777220247349,37.0507291666666,138.736215277777
"新潟","二反割遺跡","上越市三和区大字岡木字二反割",37.1133111111111,138.370969444444,2091,"新潟県埋蔵文化財調査報告書第236集　一般国道253号上越三和道路関係発掘調査報告書Ⅹ　二反割遺跡･延命寺遺跡Ⅱ","19204",93,4.74735879897198,37.125175,138.348744444444
"新潟","二反割遺跡","上越市三和区岡木字二反割",37.1370388888889,138.326519444444,2106,"新潟県埋蔵文化財調査報告書第269集　一般国道253号上越三和道路関係発掘調査報告書ⅩⅢ　堂古遺跡･下割遺跡Ⅵ･二反割遺跡Ⅱ","19207",93,4.74735879897198,37.125175,138.348744444444
"新潟","道下遺跡","中魚沼郡津南町",37.0129611111111,138.6497,1879,"弥生農耕の起源と東アジア-炭素14年代測定による高精度編年体系の構築-平成16～20年文部科学省・科学研究費学術創成研究費　研究成果報告書","2812",94,136.960994183876,37.552575,139.025505555555
"新潟","道下遺跡","胎内市古館字道下",38.0921888888889,139.401311111111,2055,"新潟県埋蔵文化財調査報告書第174集　日本海沿岸東北自動車道関係発掘調査報告書ⅩⅩⅡ　道下遺跡","19323|19324|19325|19326|19327|19328|19329",94,136.960994183876,37.552575,139.025505555555
"新潟","中曽根遺跡","岩船郡荒川町大字金屋字中曽根",38.1344611111111,139.426269444444,2053,"新潟県埋蔵文化財調査報告書第168集　日本海沿岸東北自動車道関係発掘調査報告書ⅩⅩⅠ　中曽根遺跡","19316|19317|19318|19319|19320|19321|19322",95,1.91671973213702,38.1293458333333,139.435075
"新潟","中曽根遺跡","岩船郡荒川村大字金屋字中曽根",38.1242305555556,139.443880555556,2058,"新潟県埋蔵文化財調査報告書第180集　日本海沿岸東北自動車道関係発掘調査報告書ⅩⅩⅥ　松蔭東遺跡･中曽根遺跡Ⅱ･大館跡Ⅰ","19352|19353|19354",95,1.91671973213702,38.1293458333333,139.435075
"富山","間尽遺跡","高岡市手洗野",36.7614194444444,136.959319444444,3829,"高岡市埋蔵文化財調査報告第11冊　間尽遺跡調査報告Ⅱ","19800",96,5.61254460275911,36.7686166666666,136.978269444444
"富山","間尽遺跡","高岡市手洗野",36.7614194444444,136.959319444444,3830,"高岡市埋蔵文化財調査報告第12冊　間尽遺跡調査報告Ⅲ","19801|19803|19804|19805|19806|19807|19808|19809|19810|19811|19812|19813|19814|19815|19816|19817|19818",96,5.61254460275911,36.7686166666666,136.978269444444
"富山","間尽遺跡","高岡市二上大字下八ヶ字千畳敷",36.7830111111111,137.016169444444,3830,"高岡市埋蔵文化財調査報告第12冊　間尽遺跡調査報告Ⅲ","19802",96,5.61254460275911,36.7686166666666,136.978269444444
"富山","久泉遺跡","砺波市祖泉",36.6359388888889,136.985811111111,364,"久泉遺跡発掘調査報告Ⅰ","19827|19828|19829|19830|19831",97,0.512388166074873,36.6357592592592,136.989624074074
"富山","久泉遺跡","砺波市久泉",36.6356694444444,136.991530555556,365,"久泉遺跡発掘調査報告Ⅱ","19832|19833|19834|19835|19836|19837|19838|19839|19840|19841|19842|19843|19844|19845|19846",97,0.512388166074873,36.6357592592592,136.989624074074
"富山","久泉遺跡","砺波市久泉",36.6356694444444,136.991530555556,366,"久泉遺跡発掘調査報告Ⅲ","19847|19848|19849|19850|19851|19852|19853|19854|19855|19856|19857|19858|19859|19860|19861|19862|19863|19864|19865|19866|19867|19868|19869|19870|19871|19872|19873|19874|19875|19876|19877|19878|19879|19880|19881|19882|19883|19884|19885|19886|19887|19888|19889|19890|19891|19892|19893|19894",97,0.512388166074873,36.6357592592592,136.989624074074
"富山","戸出古戸出遺跡","高岡市戸出町",36.6824694444444,136.984969444444,3831,"高岡市埋蔵文化財調査概報第46冊　戸出古戸出遺跡発掘調査概報","19917",98,0.766543070675901,36.685825,136.983954166667
"富山","戸出古戸出遺跡","高岡市戸出五丁目",36.6891805555556,136.982938888889,3833,"高岡市埋蔵文化財調査概報第57冊　戸出古戸出遺跡発掘調査概報Ⅱ","19918|19919",98,0.766543070675901,36.685825,136.983954166667
"富山","上新保遺跡","富山市本郷町万年割",36.6596194444444,137.2356,1270,"富山市埋蔵文化財調査報告30　上新保遺跡発掘調査報告書","20056",99,0.800195342656724,36.6560902777777,137.236515277778
"富山","上新保遺跡","富山市上新保",36.6525611111111,137.237430555556,1274,"富山市埋蔵文化財調査報告37　上新保遺跡発掘調査報告書","20057|20058|20059",99,0.800195342656724,36.6560902777777,137.236515277778
"富山","岩坪岡田島遺跡","高岡市国吉",36.7586611111111,136.939269444444,3835,"高岡市埋蔵文化財調査概報第63冊　岩坪岡田島遺跡調査概報-平成16年度、グラスキューブ地区の調査-","19825|19826",100,3.31549942168721,36.7600555555556,136.957754166666
"富山","岩坪岡田島遺跡","高岡市岩坪",36.76145,136.976238888889,1310,"富山県文化振興財団埋蔵文化財発掘調査報告第35集　岩坪岡田島遺跡　手洗野赤浦遺跡　近世北陸道遺跡発掘調査報告(第二分冊)","20335|20336|20337|20338|20339|20340|20341|20342|20343|20344|20345|20346|20347|20348|20349|20350|20351",100,3.31549942168721,36.7600555555556,136.957754166666
"富山","百塚住吉D遺跡","富山市八ヶ山寺島",36.7239888888889,137.194338888889,1278,"富山市埋蔵文化財調査報告42　百塚住吉D遺跡発掘調査報告書","20658",101,1.11653914648806,36.7289791666666,137.195129166667
"富山","百塚住吉D遺跡","富山市寺島",36.7339694444444,137.195919444444,1280,"富山市埋蔵文化財調査報告45　百塚住吉D遺跡発掘調査報告書Ⅱ","20659",101,1.11653914648806,36.7289791666666,137.195129166667
"富山","百塚遺跡","富山市百塚",36.7197611111111,137.201161111111,1281,"富山市埋蔵文化財調査報告46　百塚遺跡発掘調査報告書","20645|20646|20647|20648|20649|20650|20651|20652|20653|20654|20655|20656|20657",102,0.723369047911009,36.72215,137.203915277777
"富山","百塚遺跡","富山市松木",36.7245388888889,137.206669444444,1272,"富山市埋蔵文化財調査報告32　百塚住吉遺跡･百塚住吉B遺跡･百塚遺跡発掘調査報告書","20667",102,0.723369047911009,36.72215,137.203915277777
"富山","開ヶ丘中遺跡","富山市北押川",36.6851805555556,137.130461111111,1246,"富山市埋蔵文化財調査報告120　開ヶ丘中山Ⅰ遺跡･開ヶ丘中山Ⅳ遺跡　開ヶ丘中遺跡･開ヶ丘狐谷遺跡発掘調査報告書","20702|20703|20704",103,1.5791962642848,36.6800847222222,137.124295833334
"富山","開ヶ丘中遺跡","富山市開ヶ丘",36.6749888888889,137.118130555556,1261,"富山市埋蔵文化財調査報告16　開ヶ丘中遺跡発掘調査報告書","20759|20760",103,1.5791962642848,36.6800847222222,137.124295833334
"富山","御坊山遺跡","富山市平岡",36.6717,137.127669444444,1244,"富山市埋蔵文化財調査報告117　御坊山遺跡発掘調査報告書","19931|19932",104,1.51663970208025,36.6783972222222,137.127487037037
"富山","御坊山遺跡","富山市池多",36.6783111111111,137.124330555556,1261,"富山市埋蔵文化財調査報告16　開ヶ丘中遺跡発掘調査報告書","20761",104,1.51663970208025,36.6783972222222,137.127487037037
"富山","御坊山遺跡","富山市北押川",36.6851805555556,137.130461111111,1269,"富山市埋蔵文化財調査報告27　北押川C遺跡･御坊山遺跡発掘調査報告書","20851|20852",104,1.51663970208025,36.6783972222222,137.127487037037
"富山","富山城跡","富山市本丸",36.6932694444444,137.211069444444,1303,"富山市埋蔵文化財調査報告8　富山城跡試掘確認調査報告書","20764|20765|20766|20767",105,0.516879218225593,36.6926282407407,137.210756018518
"富山","富山城跡","富山市総曲輪",36.69245,137.214019444444,1276,"富山市埋蔵文化財調査報告39　富山城跡発掘調査報告書","20768",105,0.516879218225593,36.6926282407407,137.210756018518
"富山","富山城跡","富山市丸の内",36.6932111111111,137.208419444444,1285,"富山市埋蔵文化財調査報告50　富山城跡発掘調査報告書","20769",105,0.516879218225593,36.6926282407407,137.210756018518
"富山","富山城跡","富山市本丸",36.6932694444444,137.211069444444,1304,"富山市埋蔵文化財調査報告81　富山城跡発掘調査報告書","20770|20771",105,0.516879218225593,36.6926282407407,137.210756018518
"富山","富山城跡","富山市総曲輪四丁目",36.6903,137.208888888889,1305,"富山市埋蔵文化財調査報告88　富山城跡発掘調査報告書","20772|20773|20774|20775|20776|20777|20778|20779",105,0.516879218225593,36.6926282407407,137.210756018518
"富山","富山城跡","富山市本丸",36.6932694444444,137.211069444444,1256,"富山市埋蔵文化財調査報告137　富山城跡試掘確認調査報告書","20783|20784|20785|20786|20787|20788|20789|20790|20791|20792|20793",105,0.516879218225593,36.6926282407407,137.210756018518
"富山","北押川C遺跡","富山市境野新",36.67575,137.131988888889,1250,"富山市埋蔵文化財調査報告130　北押川C遺跡発掘調査報告書","20832|20833|20834|20835|20836|20837|20838|20839|20840|20841|20842|20843|20844|20845|20846|20847|20848",106,1.05540450739033,36.6820370370371,137.13097037037
"富山","北押川C遺跡","富山市北押川",36.6851805555556,137.130461111111,1269,"富山市埋蔵文化財調査報告27　北押川C遺跡･御坊山遺跡発掘調査報告書","20853|20854|20855",106,1.05540450739033,36.6820370370371,137.13097037037
"富山","北押川C遺跡","富山市北押川",36.6851805555556,137.130461111111,1271,"富山市埋蔵文化財調査報告31　北押川B遺跡・北押川C遺跡･池多東遺跡発掘調査報告書","20856|20857|20862|20863",106,1.05540450739033,36.6820370370371,137.13097037037
"石川","シンデン遺跡","野々市市御経塚２丁目",36.5486805555556,136.597719444444,1885,"御経塚遺跡Ⅲ","21198",107,0.450662849927804,36.54665,136.597725
"石川","シンデン遺跡","野々市市御経塚",36.5446194444444,136.597730555556,1885,"御経塚遺跡Ⅲ","21199|21200",107,0.450662849927804,36.54665,136.597725
"石川","御経塚遺跡","野々市市御経塚",36.5446194444444,136.597730555556,1885,"御経塚遺跡Ⅲ","21201",108,2.99996469037091,36.5320041666667,136.603745833334
"石川","御経塚遺跡","石川郡野々市町御経塚",36.5193888888889,136.609761111111,1885,"御経塚遺跡Ⅲ","21202|21203|21204|21205|21206|21207|21208|21209|21210|21211|21212|21213|21214|21215",108,2.99996469037091,36.5320041666667,136.603745833334
"石川","真脇遺跡","鳳珠郡能都町真脇",37.3067194444444,137.150130555556,1879,"弥生農耕の起源と東アジア-炭素14年代測定による高精度編年体系の構築-平成16～20年文部科学省・科学研究費学術創成研究費　研究成果報告書","1683|1684|1685|1686|1687|1688|1689|1690|1691|1692|1693|1694|1695",109,4.87749620953272,37.3060727777778,137.194137222222
"石川","真脇遺跡","鳳珠郡能登町真脇",37.3059111111111,137.205138888889,2678,"真脇遺跡(本編)","21352|21353|21354|21355|21356|21357|21358|21359|21360|21361|21362|21363|21364|21365|21366|21367|21368|21369",109,4.87749620953272,37.3060727777778,137.194137222222
"石川","真脇遺跡","鳳珠郡能登町真脇",37.3059111111111,137.205138888889,2679,"真脇遺跡2002","21370|21371|21372|21373|21374|21375|21376|21377|21378|21379|21380|21381|21382|21383|21384|21385|21386|21387|21388|21389|21390|21391|21392|21393|21394|21395|21396|21397|21398|21399|21400|21401|21402|21403|21404|21405|21406|21407|21408|21409|21410|21411|21412|21413|21414|21415|21416|21417|21418|21419|21420|21421|21422",109,4.87749620953272,37.3060727777778,137.194137222222
"石川","真脇遺跡","鳳珠郡能登町真脇",37.3059111111111,137.205138888889,2680,"真脇遺跡2010","21423",109,4.87749620953272,37.3060727777778,137.194137222222
"石川","真脇遺跡","鳳珠郡能登町字真脇",37.3059111111111,137.205138888889,2680,"真脇遺跡2010","21424|21425|21426|21427|21428|21429|21430|21431|21432|21433|21434|21435|21436|21437|21438|21439|21440|21441|21442|21443|21444|21445|21446|21447|21448|21449|21450|21451|21452|21453|21454|21455|21456|21457|21458|21459|21460|21461|21462|21463|21464|21465|21466|21467|21468|21469|21470|21471|21472|21473|21474|21475|21476|21477|21478|21479|21480|21481|21482|21483|21484|21485|21486|21487|21488|21489|21490|21491|21492|21493|21494|21495|21496|21497|21498|21499|21500|21501|21502|21503|21504|21505|21506|21507|21508|21509|21510|21511|21512|21513|21514|21515|21516|21517|21518|21519|21520|21521|21522|21523|21524|21525|21526|21527|21528|21529|21530|21531|21532|21533",109,4.87749620953272,37.3060727777778,137.194137222222
"石川","畝田･寺中遺跡","金沢市寺中町",36.5973694444444,136.602711111111,3305,"金沢市寺中B遺跡Ⅵ　桂町南遺跡Ⅰ　畝田･寺中遺跡Ⅲ-木曳野遺跡群Ⅰ-","21536",110,0.712055868768534,36.5949944444444,136.605386111111
"石川","畝田･寺中遺跡","金沢市畝田西",36.5926194444444,136.608061111111,3308,"金沢市畝田遺跡群Ⅵ","21537|21538|21539|21540|21541|21542|21543|21544|21545|21546|21547|21548|21549|21550|21551|21552|21553|21554|21555|21556|21557|21558|21559|21560|21561|21562|21563|21564|21565|21566|21567|21568|21569|21570|21571",110,0.712055868768534,36.5949944444444,136.605386111111
"石川","中屋サワ遺跡","金沢市中屋町・福増町（石川県鉄工団地北端）",36.5582194444444,136.586180555556,1879,"弥生農耕の起源と東アジア-炭素14年代測定による高精度編年体系の構築-平成16～20年文部科学省・科学研究費学術創成研究費　研究成果報告書","1554|1556|1557|1558|1559|1560|1561|1562|1563|1564|1565|1566|1567|1568|1569|1570|1571|1572|1573|1574|1575|1576|1577|1578|1579|1580|1581|1582|1583|1584|1585|1586|1587|1588|1589|1590|1591|1592|1593|1594|1595|1596|1597|1598|1599|1600|1601|1602|1603|1604|1605|1606|1607|1608|1609|1610|3257|4178|4179|4180|4181",111,0.680756864188606,36.5553444444444,136.584855555556
"石川","中屋サワ遺跡","金沢市いなほ",36.5524694444444,136.583530555556,342,"中屋サワ遺跡Ⅳ　下福増遺跡Ⅱ　横江層遺跡Ⅱ(『金沢市文化財紀要』225)","21611|21612|21613|21614|21615|21616|21617|21618|21619|21620|21621|21622|21623|21624|21625|21626|21627|21628|21629|21630|21631|21632|21633|21634|21635|21636|21637|21638|21639|21640|21641|21642|21643|21644|21645|21646|21647|21648|21649|21650|21651|21652|21653|21654|21655|21656|21657|21658|21659|21660|21661|21662|21663|21664|21665|21666|21667|21668|21669|21670|21671",111,0.680756864188606,36.5553444444444,136.584855555556
"福井","吉河遺跡","敦賀市樋ノ水町",35.6354,136.076569444444,2713,"福井県教育庁埋蔵文化財調査センター所報2　吉河遺跡発掘調査概報","21813",112,0.539811820669669,35.63615,136.079404166667
"福井","吉河遺跡","敦賀市吉河字樋ノ水",35.6369,136.082238888889,2713,"福井県教育庁埋蔵文化財調査センター所報2　吉河遺跡発掘調査概報","21814|21815|21816|21817|21818|21819|21820|21821|21822|21823",112,0.539811820669669,35.63615,136.079404166667
"福井",NA,"三方上中郡若狭町相田",35.5257694444444,135.909438888889,3853,"鳥浜貝塚　1983年度年度調査概報･研究の成果-縄文前期を主とする低湿地遺跡の調査4-","",113,4.33017833942801,35.5429097222222,135.904518055556
"福井",NA,"三方上中郡若狭町鳥浜",35.55315,135.90335,3853,"鳥浜貝塚　1983年度年度調査概報･研究の成果-縄文前期を主とする低湿地遺跡の調査4-","",113,4.33017833942801,35.5429097222222,135.904518055556
"福井",NA,"三方上中郡若狭町",35.5487888888889,135.9086,3853,"鳥浜貝塚　1983年度年度調査概報･研究の成果-縄文前期を主とする低湿地遺跡の調査4-","",113,4.33017833942801,35.5429097222222,135.904518055556
"福井",NA,"三方上中郡若狭町中山",35.5499694444444,135.908719444444,3853,"鳥浜貝塚　1983年度年度調査概報･研究の成果-縄文前期を主とする低湿地遺跡の調査4-","",113,4.33017833942801,35.5429097222222,135.904518055556
"福井",NA,"三方町黒田〜板東浦",35.5230111111111,135.886519444444,3853,"鳥浜貝塚　1983年度年度調査概報･研究の成果-縄文前期を主とする低湿地遺跡の調査4-","",113,4.33017833942801,35.5429097222222,135.904518055556
"福井",NA,"三方上中郡若狭町三方",35.5567694444444,135.910480555556,3853,"鳥浜貝塚　1983年度年度調査概報･研究の成果-縄文前期を主とする低湿地遺跡の調査4-","",113,4.33017833942801,35.5429097222222,135.904518055556
"山梨","甲府城下町遺跡","甲府市中央一丁目",35.6598,138.569080555556,2628,"甲府市文化財調査報告39　甲府城下町遺跡Ⅳ","22036|22037",114,0.582172951812507,35.662375,138.569695833334
"山梨","甲府城下町遺跡","甲府市丸の内一丁目",35.66495,138.570311111111,2629,"甲府市文化財調査報告52　甲府城下町遺跡Ⅴ","22038|22039",114,0.582172951812507,35.662375,138.569695833334
"山梨","三ノ側遺跡","都留市上谷五丁目",35.54555,138.902688888889,1513,"山梨県埋蔵文化財センター調査報告書第290集　三ノ側遺跡","22043|22044",115,0.572486861632024,35.5440402777778,138.900129166666
"山梨","三ノ側遺跡","都留市田原二丁目",35.5425305555556,138.897569444444,3284,"都留市埋蔵文化財調査報告第17集　三ノ側遺跡","22045|22046|22047",115,0.572486861632024,35.5440402777778,138.900129166666
"山梨","身洗沢遺跡","東八代郡八代町",35.6177111111111,138.641919444444,1525,"山梨県埋蔵文化財センター調査報告書第55集　身洗沢遺跡･一町五反遺跡","22103|22104|22105|22106|22107",116,0.671131981054787,35.6179708333333,138.638229166667
"山梨","身洗沢遺跡","笛吹市八代町南",35.6182305555556,138.634538888889,1522,"山梨県埋蔵文化財センター調査報告書第310集　身洗沢遺跡","22108|22109|22110|22111|22112|22113|22114|22115|22116|22117|22118|22119|22120|22121|22122|22123|22124|22125|22126|22127|22128|22129|22130|22131|22132|22133|22134|22135|22136|22137|22138|22139|22140|22141|22142|22143",116,0.671131981054787,35.6179708333333,138.638229166667
"山梨","天神堂遺跡","甲州市勝沼町下岩崎２０８９番地他",35.6521,138.721238888889,1879,"弥生農耕の起源と東アジア-炭素14年代測定による高精度編年体系の構築-平成16～20年文部科学省・科学研究費学術創成研究費　研究成果報告書","3943|3944",117,53.4302849111708,35.428175,138.613084722222
"山梨","天神堂遺跡","南巨摩郡南部町万沢字上代",35.20425,138.504930555556,1012,"天神堂遺跡","22253|22254",117,53.4302849111708,35.428175,138.613084722222
"長野","市道遺跡","佐久市跡部字市道",36.2333,138.462738888889,479,"佐久市埋蔵文化財調査報告書第148集　市道遺跡Ⅲ　辻遺跡　儘田遺跡Ⅱ　西裏遺跡","22493",118,2.15651783045187,36.2410805555555,138.469925
"長野","市道遺跡","佐久市和泉野･桜井･伴野",36.2488611111111,138.477111111111,483,"佐久市埋蔵文化財調査報告書第219集　市道遺跡Ⅴ　平馬塚遺跡Ⅱ　北裏遺跡Ⅱ　宮浦遺跡Ⅰ　北畑遺跡Ⅲ","22495",118,2.15651783045187,36.2410805555555,138.469925
"長野","仲町遺跡","上水内郡信濃町大字野尻８６１",36.83475,138.205730555556,1879,"弥生農耕の起源と東アジア-炭素14年代測定による高精度編年体系の構築-平成16～20年文部科学省・科学研究費学術創成研究費　研究成果報告書","2521",119,0.36084034532268,36.8357944444444,138.207280555556
"長野","仲町遺跡","上水内郡信濃町大字野尻字一盃清水",36.8368388888889,138.208830555556,3395,"長野県埋蔵文化財センター発掘調査報告書63　一般国道18号(野尻バイパス)埋蔵文化財発掘調査報告書3　信濃町内その3　仲町遺跡《第2分冊》","22792|22793|22794|22795|22796|22797|22798|22799|22800|22801|22802|22803|22804|22805|22806|22807|22808|22809|22810",119,0.36084034532268,36.8357944444444,138.207280555556
"岐阜","荒尾南遺跡","大垣市檜町字川西",35.3655194444444,136.586530555556,1568,"岐阜県文化財保護センター調査報告書第26集　荒尾南遺跡","23445|23446",120,1.2253809262921,35.3724453703704,136.579130092593
"岐阜","荒尾南遺跡","大垣市荒尾町･桧町",35.3738305555556,136.57765,1554,"岐阜県文化財保護センター調査報告書第119集　荒尾南遺跡A地区Ⅰ(第2分冊)","23447",120,1.2253809262921,35.3724453703704,136.579130092593
"岐阜","荒尾南遺跡","大垣市荒尾町･桧町",35.3738305555556,136.57765,1557,"岐阜県文化財保護センター調査報告書第127集　荒尾南遺跡A地区Ⅱ(第2分冊)","23448|23449|23450|23451|23452|23453",120,1.2253809262921,35.3724453703704,136.579130092593
"岐阜","荒尾南遺跡","大垣市荒尾町･桧町",35.3738305555556,136.57765,1555,"岐阜県文化財保護センター調査報告書第121集　荒尾南遺跡B地区Ⅰ(第3分冊)","23454|23455|23456|23457|23458|23459|23460|23461|23462|23463|23464",120,1.2253809262921,35.3724453703704,136.579130092593
"岐阜","荒尾南遺跡","大垣市荒尾町･桧町",35.3738305555556,136.57765,1561,"岐阜県文化財保護センター調査報告書第131集　荒尾南遺跡B地区Ⅱ(第8分冊)","23465|23466|23467|23468|23469|23470|23471|23472|23473|23474|23475|23476|23477|23478|23479|23480|23481|23482|23483|23484|23485|23486|23487|23488|23489|23490|23491|23492|23493|23494|23495|23496|23497|23498|23499|23500|23501",120,1.2253809262921,35.3724453703704,136.579130092593
"岐阜","荒尾南遺跡","大垣市荒尾町･桧町",35.3738305555556,136.57765,1559,"岐阜県文化財保護センター調査報告書第129集　荒尾南遺跡C地区(第4分冊)","23502|23503|23504|23505|23506|23507|23508|23509|23510|23511|23512|23513|23514|23515|23516|23517|23518|23519|23520",120,1.2253809262921,35.3724453703704,136.579130092593
"岐阜","東野遺跡","加茂郡坂祝町黒岩字東野･大針字西の川",35.4413611111111,136.977311111111,1540,"岐阜県教育文化財団文化財保護センター調査報告書第104集　東野遺跡(第2分冊)","23727|23728|23729|23730|23731|23732",121,1.11268989848271,35.4436861111111,136.982740277778
"岐阜","東野遺跡","加茂郡坂祝町大針･黒岩",35.4460111111111,136.988169444444,1564,"岐阜県文化財保護センター調査報告書第136集　東野遺跡Ⅱ(第2分冊)","23733|23734|23735|23736|23737",121,1.11268989848271,35.4436861111111,136.982740277778
"岐阜","北丘30号窯","多治見市北丘町7丁目",35.3658805555556,137.075119444444,947,"多治見市埋蔵文化財発掘調査報告書第93号　大針16号窯･北丘30号窯発掘調査報告書","23679|23680|23681",122,1.27483777259335,35.3639847222222,137.081740277777
"岐阜","北丘30号窯","多治見市北丘町",35.3620888888889,137.088361111111,946,"多治見市埋蔵文化財発掘調査報告書第90号　北丘30号窯･大針起4号窯発掘調査報告書","23756|23757|23758",122,1.27483777259335,35.3639847222222,137.081740277777
"岐阜","桐野遺跡","各務原市那加桐野町３，６丁目",35.4216111111111,136.815988888889,1879,"弥生農耕の起源と東アジア-炭素14年代測定による高精度編年体系の構築-平成16～20年文部科学省・科学研究費学術創成研究費　研究成果報告書","55",123,3.89018416000003,35.4102555555556,136.832304166667
"岐阜","桐野遺跡","各務原市",35.3989,136.848619444444,804,"各務原市文化財調査報告第44号　炉畑遺跡B地区発掘調査報告書","23800",123,3.89018416000003,35.4102555555556,136.832304166667
"静岡","初音ヶ原遺跡","三島市川原ヶ谷",35.1417694444444,138.945138888889,222,"三島市埋蔵文化財調査報告Ⅰ　初音ヶ原A遺跡第3地点　伊豆国分寺関連遺跡第2地点　加茂･向山遺跡　史跡山中城跡第15次調査　茶臼山遺跡　三島代官所Ⅰ地点　山神社塚原古墳群　試掘調査","24153",124,1.64124533302063,35.1346097222222,138.9474
"静岡","初音ヶ原遺跡","三島市谷田字初音ヶ原、大原",35.12745,138.949661111111,583,"初音ヶ原遺跡　初音ヶ原A遺跡第2地点　初音ヶ原B遺跡第3地点","24244|24245|24246|24247|24248|24249|24250|24251|24252",124,1.64124533302063,35.1346097222222,138.9474
"愛知","一色青海遺跡","稲沢市儀長町、中島郡平和町須ヶ谷",35.2370805555556,136.759261111111,1981,"愛知県埋蔵文化財センター調査報告書第79集　一色青海遺跡　自然科学･考察編","25084|25085|25086|25087|25088|25089|25090|25091|25092|25093|25094|25095",125,0.9457047068073,35.2328675925926,136.754612962963
"愛知","一色青海遺跡","稲沢市平和町須ヶ谷",35.2307611111111,136.752288888889,1930,"愛知県埋蔵文化財センター調査報告書第147集　一色青海遺跡Ⅱ　本文･遺物図版編","25096|25097|25098|25099|25100|25101|25102|25103|25104|25105|25106|25107|25108|25109|25110|25111|25112|25113|25114|25115|25116|25117|25118|25119|25120|25121|25122|25123|25124",125,0.9457047068073,35.2328675925926,136.754612962963
"愛知","一色青海遺跡","稲沢市平和町須ヶ谷",35.2307611111111,136.752288888889,1958,"愛知県埋蔵文化財センター調査報告書第186集　一色青海遺跡Ⅲ　遺構編","25125|25126|25127|25128|25129|25130|25131|25132|25133|25134",125,0.9457047068073,35.2328675925926,136.754612962963
"愛知","志賀公園遺跡","名古屋市北区中丸町3丁目･金城町3丁目･平手町2丁目",35.2051694444445,136.905111111111,1988,"愛知県埋蔵文化財センター調査報告書第90集　志賀公園遺跡","25539|25540|25541|25542|25543|25544|25545|25546|25547|25548|25549",126,0.187845243009345,35.2050750000001,136.904086111111
"愛知","志賀公園遺跡","名古屋市北区中丸町2丁目",35.2049805555556,136.903061111111,1915,"愛知県埋蔵文化財センター調査報告書第121集　志賀公園遺跡Ⅱ","25550|25551|25552|25553|25554|25555|25556|25557|25558|25559|25560|25561|25562|25563|25564|25565",126,0.187845243009345,35.2050750000001,136.904086111111
"愛知","寺部遺跡","豊田市上野町",35.0909194444444,137.1754,3170,"豊田市埋蔵文化財調査報告書第45集　寺部遺跡","25566|25567|25568|25569|25570|25571|25572|25573|25574|25575|25576|25577|25578|25579|25580|25581|25582|25583|25584|25585|25586|25587|25588|25589|25590|25591|25592|25593|25594|25595|25596|25597|25598|25599|25600|25601|25602|25603",127,0.653187226442564,35.0933041666667,137.1733
"愛知","寺部遺跡","豊田市寺部町･千石町",35.0956888888889,137.1712,3172,"豊田市埋蔵文化財調査報告書第65集　寺部遺跡Ⅴ-13区−","25604|25605",127,0.653187226442564,35.0933041666667,137.1733
"愛知",NA,"稲沢市いのくち",35.2480111111111,136.7804,1914,"愛知県埋蔵文化財センター調査報告書第120集　上中･西屋敷遺跡","",128,78.5672513286988,35.1414840277778,136.859278819444
"愛知",NA,"清須市つちだ",35.2000694444444,136.852811111111,1914,"愛知県埋蔵文化財センター調査報告書第120集　上中･西屋敷遺跡","",128,78.5672513286988,35.1414840277778,136.859278819444
"愛知",NA,"七宝町あきたけ",35.1683888888889,136.800661111111,1914,"愛知県埋蔵文化財センター調査報告書第120集　上中･西屋敷遺跡","",128,78.5672513286988,35.1414840277778,136.859278819444
"愛知",NA,"蟹江町いま",35.1321611111111,136.786769444444,1914,"愛知県埋蔵文化財センター調査報告書第120集　上中･西屋敷遺跡","",128,78.5672513286988,35.1414840277778,136.859278819444
"愛知",NA,"稲沢市あまいけ",35.2480111111111,136.7804,1914,"愛知県埋蔵文化財センター調査報告書第120集　上中･西屋敷遺跡","",128,78.5672513286988,35.1414840277778,136.859278819444
"愛知",NA,"愛知県稲沢市平和町　ろくわ",35.2033805555556,136.733538888889,1914,"愛知県埋蔵文化財センター調査報告書第120集　上中･西屋敷遺跡","",128,78.5672513286988,35.1414840277778,136.859278819444
"愛知",NA,"立田村森川",35.1330888888889,136.69975,1914,"愛知県埋蔵文化財センター調査報告書第120集　上中･西屋敷遺跡","",128,78.5672513286988,35.1414840277778,136.859278819444
"愛知",NA,"豊橋市石巻本町太夫橋より下流",34.7987611111111,137.4399,3145,"豊橋の環境史と貝塚−豊橋平野の古環境復元と遺跡出土の動物遺体−","",128,78.5672513286988,35.1414840277778,136.859278819444
"岐阜",NA,"瑞穂市只越",35.3996888888889,136.682680555556,1914,"愛知県埋蔵文化財センター調査報告書第120集　上中･西屋敷遺跡","",129,20.3972692554717,35.3199763888889,136.644811574074
"岐阜",NA,"瑞穂市花塚",35.3918888888889,136.690961111111,1914,"愛知県埋蔵文化財センター調査報告書第120集　上中･西屋敷遺跡","",129,20.3972692554717,35.3199763888889,136.644811574074
"岐阜",NA,"大垣市あらた",35.3594194444444,136.612730555556,1914,"愛知県埋蔵文化財センター調査報告書第120集　上中･西屋敷遺跡","",129,20.3972692554717,35.3199763888889,136.644811574074
"岐阜",NA,"大垣市横曽根町",35.2952111111111,136.613269444444,1914,"愛知県埋蔵文化財センター調査報告書第120集　上中･西屋敷遺跡","",129,20.3972692554717,35.3199763888889,136.644811574074
"岐阜",NA,"海津市平田町今尾",35.2539611111111,136.632188888889,1914,"愛知県埋蔵文化財センター調査報告書第120集　上中･西屋敷遺跡","",129,20.3972692554717,35.3199763888889,136.644811574074
"岐阜",NA,"海津町ないき",35.2196888888889,136.637038888889,1914,"愛知県埋蔵文化財センター調査報告書第120集　上中･西屋敷遺跡","",129,20.3972692554717,35.3199763888889,136.644811574074
"愛知","御山寺遺跡","岩倉市中野町鈴井町",35.2882194444444,136.870669444444,1945,"愛知県埋蔵文化財センター調査報告書第167集　御山寺遺跡","25441|25442|25443|25444|25445|25446|25447|25448|25449|25450|25451|25452|25453|25454|25455|25456|25457|25458|25459|25460|25461|25462|25463|25464|25465|25466|25467|25468|25469|25470|25471|25472|25473|25474|25475|25476|25477|25478",130,0.462089166208468,35.2879944444444,136.868144444444
"愛知","御山寺遺跡","岩倉市鈴井町",35.2877694444444,136.865619444444,1937,"愛知県埋蔵文化財センター調査報告書第157集　大坪西遺跡","26090",130,0.462089166208468,35.2879944444444,136.868144444444
"愛知","朝日遺跡","名古屋市西区中沼町・浮野町他",35.2236111111111,136.8584,1879,"弥生農耕の起源と東アジア-炭素14年代測定による高精度編年体系の構築-平成16～20年文部科学省・科学研究費学術創成研究費　研究成果報告書","9|10|11|12|13|14|15|16|17|18|19|20|21|22|23|24|25|26|27|28|29|30|31|32|35|36|37|46|47|48|49",131,2.66094862566869,35.2168524691358,136.852362345679
"愛知","朝日遺跡","名古屋市西区中沼町",35.2236111111111,136.8584,2178,"朝日遺跡　平田住宅建設に伴う第18次発掘調査報告書","26108",131,2.66094862566869,35.2168524691358,136.852362345679
"愛知","朝日遺跡","名古屋市西区中沼町",35.2236111111111,136.8584,2179,"朝日遺跡第20次発掘調査報告書−平田住宅第10･11次棟建設に伴う発掘調査−","26109",131,2.66094862566869,35.2168524691358,136.852362345679
"愛知","朝日遺跡","名古屋市西区中沼町",35.2236111111111,136.8584,811,"名古屋市文化財調査報告69　埋蔵文化財調査報告書54　朝日遺跡(第13･14･15次)","26110|26111|26112|26113|26114|26115|26116|26117",131,2.66094862566869,35.2168524691358,136.852362345679
"愛知","朝日遺跡","名古屋市西区中沼町･浮野町",35.2236111111111,136.8584,812,"名古屋市文化財調査報告75　埋蔵文化財調査報告書59　朝日遺跡(第16次･第17次)","26118|26119",131,2.66094862566869,35.2168524691358,136.852362345679
"愛知","朝日遺跡","西春日井郡清洲町･春日町･新川町　名古屋市西区",35.2167388888889,136.836819444444,1975,"愛知県埋蔵文化財センター調査報告書第31集　朝日遺跡(自然科学編)","26120|26121|26122|26123|26124|26125|26126|26127|26128|26129|26130|26131|26132|26133|26134|26135|26136|26137|26138|26139|26140|26141|26142|26143|26144|26145|26146|26147|26148|26149|26150|26151|26152|26153|26154|26155|26156",131,2.66094862566869,35.2168524691358,136.852362345679
"愛知","朝日遺跡","西春日井郡清洲町大字朝日",35.2167388888889,136.836819444444,1982,"愛知県埋蔵文化財センター調査報告書第83集　朝日遺跡Ⅵ−新資料館地点の調査−　本文","26157|26158|26159|26160|26161|26162",131,2.66094862566869,35.2168524691358,136.852362345679
"愛知","朝日遺跡","清須市、名古屋市西区、西春日井郡春日町",35.2000694444444,136.852811111111,1925,"愛知県埋蔵文化財センター調査報告書第138集　朝日遺跡Ⅶ　第3分冊","26163|26164|26165|26166|26167|26168|26169|26170|26171|26172|26173|26174|26175|26176|26177|26178|26179|26180|26181|26182|26183|26184|26185|26186|26187|26188|26189|26190|26191|26192|26193|26194|26195|26196|26197|26198|26199|26200|26201|26202|26203|26204|26205|26206|26207|26208|26209|26210|26211|26212|26213|26214|26215|26216|26217|26218|26219|26220|26221|26222|26223|26224|26225|26226|26227|26228|26229|26230|26231|26232|26233|26234|26235|26236|26237|26238|26239|26240|26241|26242|26243|26244|26245|26246|26247|26248|26249|26250|26251|26252|26253|26254|26255|26256|26257|26258|26259|26260|26261|26262|26263",131,2.66094862566869,35.2168524691358,136.852362345679
"愛知","朝日遺跡","清須市、名古屋市西区、西春日井郡春日町",35.2000694444444,136.852811111111,1935,"愛知県埋蔵文化財センター調査報告書第154集　朝日遺蹟Ⅷ　総集編","26264|26265|26266|26267|26268|26269|26270|26271|26272|26273|26274|26275|26276|26277|26278|26279|26280|26281|26282|26283|26284|26285|26286|26287|26288",131,2.66094862566869,35.2168524691358,136.852362345679
"愛知","町田遺跡","春日井市",35.2470694444444,136.973238888889,6,"(財)愛知県埋蔵文化財センター調査報告書第29集　勝川遺跡Ⅳ","25637|25638|25639|25640|25641|25642|25643",132,2.83270436720116,35.2365347222222,136.96445
"愛知","町田遺跡","春日井市町田町",35.226,136.955661111111,1993,"愛知県埋蔵文化財センター調査報告書第9集　町田遺跡","26289|26290|26291|26292|26293|26294|26295",132,2.83270436720116,35.2365347222222,136.96445
"愛知","伝法寺野田遺跡","一宮市丹陽町",35.2777194444444,136.842319444444,1927,"愛知県埋蔵文化財センター調査報告書第141集　伝法寺野田遺跡","26421|26422|26423|26424|26425|26426|26427|26428|26429",133,1.50172748689892,35.2710194444444,136.843484722222
"愛知","伝法寺野田遺跡","一宮市丹陽町伝法寺",35.2643194444444,136.84465,1969,"愛知県埋蔵文化財センター調査報告書第203集　伝法寺野田遺跡Ⅱ","26430|26431|26432|26433|26434|26435|26436|26437|26438|26439|26440|26441|26442|26443|26444|26445|26446|26447|26448|26449|26450|26451|26452",133,1.50172748689892,35.2710194444444,136.843484722222
"愛知","内田貝塚","豊橋市牟呂町字若宮",34.76015,137.359119444444,3147,"豊橋市埋蔵文化財調査報告書第110集　内田貝塚(Ⅱ)･若宮遺跡(Ⅲ)","26510|26511|26512|26513",134,0.0897079713700094,34.7604194444445,137.359484722222
"愛知","内田貝塚","豊橋市牟呂町字境松",34.7606888888889,137.35985,3152,"豊橋市埋蔵文化財調査報告書第142集　若宮遺跡(Ⅹ)･境松遺跡(Ⅵ)･内田貝塚(Ⅴ)","26515",134,0.0897079713700094,34.7604194444445,137.359484722222
"愛知","八王子遺跡","一宮市大和町苅安賀",35.2904,136.7766,1990,"愛知県埋蔵文化財センター調査報告書第92集　八王子遺跡　報告編","26590|26591|26592|26593|26594|26595|26596|26597|26598|26599|26600|26601|26602|26603|26604|26605|26606|26607|26608|26609|26610|26611|26612|26613|26614|26615|26616|26617|26618|26619|26620|26621|26622|26623|26624|26625|26626|26627",135,33.4570895819979,35.258,136.956134722222
"愛知","八王子遺跡","瀬戸市八王子町",35.2256,137.135669444444,1907,"愛知県埋蔵文化財センター調査報告書第112集　八王子遺跡","26628|26629",135,33.4570895819979,35.258,136.956134722222
"愛知","名古屋城三の丸遺跡","名古屋市中区",35.1689805555556,136.910080555556,1910,"愛知県埋蔵文化財センター調査報告書第115集　名古屋城三の丸遺跡(Ⅵ)","26821",136,1.7253660811642,35.1778564814815,136.904616666667
"愛知","名古屋城三の丸遺跡","名古屋市中区三の丸四丁目",35.18425,136.906488888889,1919,"愛知県埋蔵文化財センター調査報告書第127集　名古屋城三の丸遺跡Ⅶ−旧国立名古屋病院地点の調査−","26822|26823|26824|26825|26826|26827|26828",136,1.7253660811642,35.1778564814815,136.904616666667
"愛知","名古屋城三の丸遺跡","名古屋市中区三の丸一丁目",35.1803388888889,136.897280555556,1941,"愛知県埋蔵文化財センター調査報告書第161集　名古屋城三の丸遺跡Ⅷ","26829|26830",136,1.7253660811642,35.1778564814815,136.904616666667
"三重","山添遺跡","安芸郡安濃町大字清水字山添･林崎",34.7481305555556,136.469969444444,1070,"安濃町埋蔵文化財調査報告書10　山添遺跡発掘調査報告書","27018|27019",137,25.0912481903962,34.6082435185185,136.538076851852
"三重","山添遺跡","松阪市安楽町ほか",34.5383,136.572130555556,271,"三重県埋蔵文化財調査報告243　山添遺跡(第3次)発掘調査報告","27020|27021",137,25.0912481903962,34.6082435185185,136.538076851852
"三重","山添遺跡","松阪市安楽町ほか",34.5383,136.572130555556,274,"三重県埋蔵文化財調査報告286　琵琶垣内遺跡(第3次)発掘調査報告","27162",137,25.0912481903962,34.6082435185185,136.538076851852
"鹿児島","上野原遺跡","国分市川内字田吹鍋迫堂ヶ尾・駒迫十文字",31.71715,130.8331,1879,"弥生農耕の起源と東アジア-炭素14年代測定による高精度編年体系の構築-平成16～20年文部科学省・科学研究費学術創成研究費　研究成果報告書","4114",138,7.16092823979131,31.7379,130.775000462963
"鹿児島","上野原遺跡","霧島市川内字田吹鍋迫堂ヶ尾・駒迫十文字",31.74205,130.763380555556,3975,"鹿児島県立埋蔵文化財センター発掘調査報告書(41)　上野原遺跡　第3分冊(第2〜7地点:縄文時代早期編3）　","27342",138,7.16092823979131,31.7379,130.775000462963
"鹿児島","上野原遺跡","霧島市川内字田吹鍋迫堂ヶ尾・駒迫十文字",31.74205,130.763380555556,3976,"鹿児島県立埋蔵文化財センター発掘調査報告書(41)　上野原遺跡　第3分冊(第2〜7地点:縄文時代早期編4）　","27343",138,7.16092823979131,31.7379,130.775000462963
"鹿児島","上野原遺跡","霧島市川内字田吹鍋迫堂ヶ尾・駒迫十文字",31.74205,130.763380555556,3977,"鹿児島県立埋蔵文化財センター発掘調査報告書(41)　上野原遺跡　第3分冊(第2〜7地点:縄文時代早期編5）　","27344",138,7.16092823979131,31.7379,130.775000462963
"鹿児島","上野原遺跡","霧島市川内字田吹鍋迫堂ヶ尾・駒迫十文字",31.74205,130.763380555556,3978,"鹿児島県立埋蔵文化財センター発掘調査報告書(41)　上野原遺跡　第3分冊(第2〜7地点:縄文時代早期編6）　","27345",138,7.16092823979131,31.7379,130.775000462963
"鹿児島","上野原遺跡","霧島市川内字田吹鍋迫堂ヶ尾・駒迫十文字",31.74205,130.763380555556,3983,"鹿児島県立埋蔵文化財センター発掘調査報告書(52)　上野原遺跡　第6分冊(第2〜7地点:弥生時代〜近世編)","27346|27347|27348|27349|27350",138,7.16092823979131,31.7379,130.775000462963
"鹿児島","市ノ原遺跡","いちき串木野市大字大里字上ノ原前",31.6784611111111,130.308980555556,3981,"鹿児島県立埋蔵文化財センター発掘調査報告書(49)　市ノ原遺跡(第1地点)","27351|27352",139,3.36756536637036,31.6798361111111,130.326665277778
"鹿児島","市ノ原遺跡","日置市東市来町湯田字瀬戸ノ口　
字堀内　
字柴立",31.6812111111111,130.34435,3930,"鹿児島県立埋蔵文化財センター発掘調査報告書(130) 市ノ原遺跡(第4地点･第2地点)","27670|27671|27672|27673|27674|27675",139,3.36756536637036,31.6798361111111,130.326665277778
"鹿児島","芝原遺跡","日置郡金峰町宮崎字芝原",31.4400194444444,130.329211111111,1879,"弥生農耕の起源と東アジア-炭素14年代測定による高精度編年体系の構築-平成16～20年文部科学省・科学研究費学術創成研究費　研究成果報告書","1945",140,7.47140365885781,31.4485259259259,130.353461111111
"鹿児島","芝原遺跡","南さつま市金峰町宮崎字芝原",31.4400194444444,130.329211111111,3941,"鹿児島県立埋蔵文化財センター発掘調査報告書(149)　芝原遺跡1　","27778|27779",140,7.47140365885781,31.4485259259259,130.353461111111
"鹿児島","芝原遺跡","南さつま市金峰町大字宮崎濱崎",31.4655388888889,130.401961111111,3957,"鹿児島県立埋蔵文化財センター発掘調査報告書(170)　芝原遺跡3","27984|27985|27986|27987|27988|27989|27990|27991|27992|27993|27994|27995|27996|27997|27998|27999|28000",140,7.47140365885781,31.4485259259259,130.353461111111
"鹿児島","中尾遺跡","霧島市隼人町",31.8175388888889,130.732738888889,1051,"姶良町都市計画事業に伴う埋蔵文化財発掘調査報告書　萩原遺跡(Ⅱ)","27317",141,53.5497958223407,31.8679993055555,130.630997916667
"鹿児島","中尾遺跡","姶良郡隼人町西光寺",31.7766694444444,130.736911111111,3888,"鹿児島県埋蔵文化財発掘調査報告書(10)　九州縦貫自動車道関係埋蔵文化財調査報告Ⅱ　東原遺跡･南十三塚遺跡･入道遺跡･中尾遺跡･木屋原遺跡･松ヶ迫遺跡･七ッ次遺跡･葛根塚遺跡･松木原遺跡･長ヶ原遺跡･柳ヶ迫遺跡","28069|28070|28071",141,53.5497958223407,31.8679993055555,130.630997916667
"鹿児島","中尾遺跡","霧島市隼人町西光寺",31.7766694444444,130.736911111111,3893,"鹿児島県埋蔵文化財発掘調査報告書(22)　九州縦貫自動車道関係埋蔵文化財調査報告ⅩⅢ　総集編","28091|28092|28093",141,53.5497958223407,31.8679993055555,130.630997916667
"鹿児島","中尾遺跡","出水市福ノ江町中尾",32.1011194444444,130.317430555556,562,"公益財団法人鹿児島県文化振興財団埋蔵文化財調査センター発掘調査報告書(10)　南九州西回り自動車道(出水阿久根道路)建設に伴う埋蔵文化財発掘調査報告書　　中郡遺跡群Ⅱ･中尾遺跡･前原遺跡","28408",141,53.5497958223407,31.8679993055555,130.630997916667
"鹿児島","中尾田遺跡","姶良郡横川町",31.90355,130.702511111111,1879,"弥生農耕の起源と東アジア-炭素14年代測定による高精度編年体系の構築-平成16～20年文部科学省・科学研究費学術創成研究費　研究成果報告書","1912|1913",142,0.881501766960696,31.89995,130.70707037037
"鹿児島","中尾田遺跡","霧島市横川町中野",31.89815,130.70935,3891,"鹿児島県埋蔵文化財発掘調査報告書(15)　九州縦貫自動車道関係埋蔵文化財調査報告Ⅶ　中尾田遺跡","28074|28075|28076",142,0.881501766960696,31.89995,130.70707037037
"鹿児島","中尾田遺跡","霧島市横川町中野",31.89815,130.70935,3893,"鹿児島県埋蔵文化財発掘調査報告書(22)　九州縦貫自動車道関係埋蔵文化財調査報告ⅩⅢ　総集編","28081|28082|28083",142,0.881501766960696,31.89995,130.70707037037
"鹿児島","前畑遺跡","鹿屋市郷之原町",31.3956805555556,130.818530555556,3933,"鹿児島県立埋蔵文化財センター発掘調査報告書(133)　前畑遺跡Ⅱ","27699|27700|27701|27702|27703|27704|27705",143,350.848476519398,29.857175,130.393180555556
"鹿児島","前畑遺跡","大島郡喜界町大字滝川字前畑",28.3186694444444,129.967830555556,845,"喜界町埋蔵文化財発掘調査報告書(11)　畑地帯総合整備事業(担い手育成型)城久地区に伴う埋蔵文化財発掘調査報告書　城久遺跡群　前畑遺跡･小ハネ遺跡","28279|28280|28281|28282|28283",143,350.848476519398,29.857175,130.393180555556
"鹿児島","前原遺跡","鹿児島市福山町",31.6109,130.440888888889,1879,"弥生農耕の起源と東アジア-炭素14年代測定による高精度編年体系の構築-平成16～20年文部科学省・科学研究費学術創成研究費　研究成果報告書","1934|1935|1936|1937|1938|1939|1940|1941|1942|1943|1944",144,55.504650759063,31.7746962962963,130.403636111111
"鹿児島","前原遺跡","鹿児島市福山町字前原･鬼ヶ迫上",31.6109,130.440888888889,3911,"鹿児島県立埋蔵文化財センター発掘調査報告書(107)　前原遺跡(第Ⅱ分冊)","27534|27535|27536|27537|27538|27539|27540|27541|27542|27543|27544",144,55.504650759063,31.7746962962963,130.403636111111
"鹿児島","前原遺跡","出水市下知識町",32.1022888888889,130.329130555556,562,"公益財団法人鹿児島県文化振興財団埋蔵文化財調査センター発掘調査報告書(10)　南九州西回り自動車道(出水阿久根道路)建設に伴う埋蔵文化財発掘調査報告書　　中郡遺跡群Ⅱ･中尾遺跡･前原遺跡","28409",144,55.504650759063,31.7746962962963,130.403636111111
"鹿児島","田原迫ノ上遺跡","鹿屋市串良町細山田",31.4523305555556,130.919238888889,571,"公益財団法人鹿児島県文化振興財団埋蔵文化財調査センター発掘調査報告書(5)　東九州自動車道建設(志布志IC〜鹿屋串良JCT間)に伴う埋蔵文化財発掘調査報告書　田原迫ノ上遺跡1(第2分冊)","28350|28351|28352|28353|28354|28355|28356|28357|28358|28359|28360|28361|28362|28363|28364|28365",145,8.85385433991702,31.415875,130.938225
"鹿児島","田原迫ノ上遺跡","鹿屋市串町細山田",31.3794194444444,130.957211111111,567,"公益財団法人鹿児島県文化振興財団埋蔵文化財調査センター発掘調査報告書(15)　東九州自動車道(志布志IC〜鹿屋串良JCT)建設に伴う埋蔵文化財発掘調査報告書　田原迫ノ上遺跡2(縄文時代早期編)","28471|28472|28473|28474|28475|28476|28477|28478|28479|28480|28481|28482|28483|28484|28485|28486|28487|28488|28489|28490|28491|28492|28493",145,8.85385433991702,31.415875,130.938225
"鹿児島","小湊フワガネク遺跡","奄美市名瀬大字小湊323-3番地外20筆等",28.3090888888889,129.519788888889,1031,"奄美市文化財叢書8　鹿児島県奄美市　小湊フワガネク遺跡　総括報告書","27253|27254|27255|27256|27257|27258|27259|27260|27261|27262",146,7.96700974218916,28.3431597222222,129.506844444444
"鹿児島","小湊フワガネク遺跡","奄美市",28.3772305555556,129.4939,815,"名瀬市文化財叢書7　奄美大島名瀬市　小湊フワガネク遺跡群Ⅰ　学校法人日章学園｢奄美看護福祉専門学校｣拡張事業に伴う緊急発掘調査報告書","28501|28502|28503|28504|28505|28506",146,7.96700974218916,28.3431597222222,129.506844444444
"長崎","原の辻遺跡","壱岐市芦辺町他",33.8011611111111,129.75995,1879,"弥生農耕の起源と東アジア-炭素14年代測定による高精度編年体系の構築-平成16～20年文部科学省・科学研究費学術創成研究費　研究成果報告書","665|666|667|668|669|670|671|672|673|674|675|676|677|678|679|680|681|682|683|684|685|686|687|688|689|690|691|692|693|694|695|696|697|698|699|700|701",147,8.47045802279632,33.7838726851852,129.753068055556
"長崎","原の辻遺跡","壱岐市芦部町他",33.8011611111111,129.75995,1879,"弥生農耕の起源と東アジア-炭素14年代測定による高精度編年体系の構築-平成16～20年文部科学省・科学研究費学術創成研究費　研究成果報告書","2232",147,8.47045802279632,33.7838726851852,129.753068055556
"長崎","原の辻遺跡","壱岐市芦辺町深江鶴亀触",33.7697611111111,129.757161111111,3057,"芦辺町文化財調査報告書　第12集　特別史跡　原の辻遺跡","28562",147,8.47045802279632,33.7838726851852,129.753068055556
"長崎","原の辻遺跡","壱岐市芦辺町深江鶴亀触",33.7697611111111,129.757161111111,3342,"長崎県埋蔵文化財センター調査報告書　第1集　原の辻遺跡","28925|28926|28927|28928|28929",147,8.47045802279632,33.7838726851852,129.753068055556
"長崎","原の辻遺跡","壱岐市芦辺町深江鶴亀触",33.7697611111111,129.757161111111,751,"原の辻遺跡保存等協議会調査報告書　第2集　原の辻遺跡　","29000",147,8.47045802279632,33.7838726851852,129.753068055556
"長崎","原の辻遺跡","壱岐市芦辺町深江鶴亀触",33.7697611111111,129.757161111111,759,"原の辻遺跡調査事務所調査報告書　第9集　原の辻遺跡(上巻)","29001",147,8.47045802279632,33.7838726851852,129.753068055556
"長崎","原の辻遺跡","壱岐市芦辺町･石田町",33.8011611111111,129.75995,752,"原の辻遺跡調査事務所調査報告書　第27集　原の辻遺跡","29002|29003",147,8.47045802279632,33.7838726851852,129.753068055556
"長崎","原の辻遺跡","壱岐市芦辺町･石田町",33.8011611111111,129.75995,753,"原の辻遺跡調査事務所調査報告書　第29集　原の辻遺跡","29004|29005|29006|29007|29008|29009",147,8.47045802279632,33.7838726851852,129.753068055556
"長崎","原の辻遺跡","壱岐市",33.7507,129.691311111111,754,"原の辻遺跡調査事務所調査報告書　第30集　原の辻遺跡　総集編Ⅰ","29010|29011|29012|29013|29014|29015|29016|29017|29018|29019|29020|29021|29022|29023|29024",147,8.47045802279632,33.7838726851852,129.753068055556
"長崎","原の辻遺跡","壱岐市芦辺町･石田町",33.8011611111111,129.75995,756,"原の辻遺跡調査事務所調査報告書　第36集　原の辻遺跡","29043|29044|29045|29046|29047",147,8.47045802279632,33.7838726851852,129.753068055556
"長崎","原の辻遺跡","壱岐市芦辺町･石田町",33.8011611111111,129.75995,757,"原の辻遺跡調査事務所調査報告書　第39集　原の辻遺跡","29048|29049|29050",147,8.47045802279632,33.7838726851852,129.753068055556
"長崎","原の辻遺跡","壱岐市芦辺町深江鶴亀触",33.7697611111111,129.757161111111,758,"原の辻遺跡調査事務所調査報告書　第40集　原の辻遺跡","29051|29052|29053|29054",147,8.47045802279632,33.7838726851852,129.753068055556
"長崎","福井洞窟","佐世保市吉井町",33.2475888888889,129.699019444444,473,"佐世保市文化財調査報告書　第3集　佐世保の洞窟遺跡Ⅱ","28666|28667|28668|28669|28670|28671|28672|28673|28674|28675",148,5.90226955881537,33.2741944444444,129.699479166666
"長崎","福井洞窟","佐世保市吉井町福井1011番地8他",33.3008,129.699938888889,472,"佐世保市文化財調査報告書　第14集　史跡福井洞窟発掘調査報告書　","28696|28697|28698|28699|28700|28701|28702|28703|28704|28705|28706|28707|28708|28709|28710|28711|28712|28713|28714|28715|28716|28717|28718|28719|28720|28721|28722|28723|28724|28725|28726|28727|28728|28729|28730|28731|28732|28733|28734|28735|28736|28737|28738|28739|28740|28741|28742|28743|28744|28745|28746|28747|28748|28749|28750|28751|28752|28753|28754|28755|28756|28757|28758",148,5.90226955881537,33.2741944444444,129.699479166666
"長崎","黒丸遺跡","大村市黒丸町・沖田町",32.9551194444444,129.935811111111,1879,"弥生農耕の起源と東アジア-炭素14年代測定による高精度編年体系の構築-平成16～20年文部科学省・科学研究費学術創成研究費　研究成果報告書","657",149,0.646898527121154,32.9565462962963,129.937377777778
"長崎","黒丸遺跡","大村市黒丸町587番地1-352",32.9551194444444,129.935811111111,3352,"長崎県文化財調査報告書　第132集　黒丸遺跡Ⅱ　","28876|28877",149,0.646898527121154,32.9565462962963,129.937377777778
"長崎","黒丸遺跡","大村市沖田町",32.9594,129.940511111111,3350,"長崎県埋蔵文化財調査報告書　第201集　黒丸遺跡Ⅲ　　","28912|28913|28914|28915",149,0.646898527121154,32.9565462962963,129.937377777778
"長崎","今福遺跡","南島原市北有馬町丁今福名",32.67775,130.243211111111,403,"今福遺跡Ⅲ","28870|28871|28872",150,85.7040690878666,33.0086402777778,130.006415277778
"長崎","今福遺跡","松浦市今福町",33.3395305555556,129.769619444444,3361,"長崎県文化財調査報告書　第211集　一般国道497号伊万里松浦道路建設に伴う埋塑像文化財発掘調査報告書　Ⅳ　今福遺跡Ⅱ","28916|28917|28918|28919|28920|28921|28922|28923|28924",150,85.7040690878666,33.0086402777778,130.006415277778
"長崎","鷹島海底遺跡","松浦市地先公有水面",33.3399388888889,129.709080555556,3865,"鷹島海底遺跡Ⅴ　2001","28765|28766|28767|28768",151,11.8848833707796,33.3587611111111,129.721296666667
"長崎","鷹島海底遺跡","松浦市地先公有水面",33.3399388888889,129.709080555556,3864,"鷹島海底遺跡Ⅲ　1996","28769|28770|28771|28772",151,11.8848833707796,33.3587611111111,129.721296666667
"長崎","鷹島海底遺跡","松浦市地先公有水面",33.3399388888889,129.709080555556,3866,"鷹島海底遺跡Ⅶ　2002","28773|28774|28775|28776|28777|28778",151,11.8848833707796,33.3587611111111,129.721296666667
"長崎","鷹島海底遺跡","松浦市地先公有水面",33.3399388888889,129.709080555556,3867,"鷹島海底遺跡Ⅷ　2003","28779|28780|28781",151,11.8848833707796,33.3587611111111,129.721296666667
"長崎","鷹島海底遺跡","松浦市鷹島町神崎免地先公有水面",33.43405,129.770161111111,2309,"松浦市文化財調査報告書　第4集　松浦市鷹島海底遺跡　総集編","29064|29065|29066|29067|29068|29069|29070",151,11.8848833707796,33.3587611111111,129.721296666667
"佐賀","中原遺跡","唐津市原字溜ノ内・西ノ畑",33.4220694444444,129.9971,1879,"弥生農耕の起源と東アジア-炭素14年代測定による高精度編年体系の構築-平成16～20年文部科学省・科学研究費学術創成研究費　研究成果報告書","3274|3275",152,1.07306088659808,33.4193462962963,129.995039814815
"佐賀","中原遺跡","唐津市中原",33.4139,129.990919444444,832,"唐津市文化財調査報告書　第129集　中原遺跡(2)","29116|29117",152,1.07306088659808,33.4193462962963,129.995039814815
"佐賀","中原遺跡","唐津市原字溜ノ内･西ノ畑",33.4220694444444,129.9971,499,"佐賀県文化財調査報告書　第175集　中原遺跡Ⅱ　-西九州自動車道建設に係る文化財調査報告書(5)-","29181",152,1.07306088659808,33.4193462962963,129.995039814815
"佐賀","大江前遺跡","唐津市浜玉町大江",33.4445888888889,130.049611111111,1879,"弥生農耕の起源と東アジア-炭素14年代測定による高精度編年体系の構築-平成16～20年文部科学省・科学研究費学術創成研究費　研究成果報告書","3265|3266|3267|3268|3269|3270|3271|3272|3273",153,7.55839132574103,33.446975,130.009065277777
"佐賀","大江前遺跡","唐津市",33.4493611111111,129.968519444444,497,"佐賀県文化財調査報告書　第168集　中原遺跡Ⅰ　-西九州自動車道建設に係る文化財調査報告書(4)-","29158|29159|29160|29161|29162|29163|29164|29165|29166",153,7.55839132574103,33.446975,130.009065277777
"佐賀","大野遺跡","佐賀市富士町大字大野大字下無津呂",33.4199111111111,130.208761111111,1879,"弥生農耕の起源と東アジア-炭素14年代測定による高精度編年体系の構築-平成16～20年文部科学省・科学研究費学術創成研究費　研究成果報告書","4129",154,19.3269227956042,33.3419,130.254990277777
"佐賀","大野遺跡","佐賀市",33.2638888888889,130.301219444444,498,"佐賀県文化財調査報告書　第170集　東畑瀬遺跡1･大野遺跡1　東畑瀬遺跡1･3区　大野遺跡2.3区　-嘉瀬川ダム建設に伴う埋蔵文化財発掘調査報告書1-","29172",154,19.3269227956042,33.3419,130.254990277777
"大分","玉沢地区条里跡遺跡","大分市大字玉沢",33.1895611111111,131.583538888889,2605,"玉沢地区条里跡　第2次発掘調査報告書(トキハわさだタウン地点)","29756|29757|29758|29759|29760",155,1.35787672455555,33.1875805555555,131.57665
"大分","玉沢地区条里跡遺跡","大分市大字木上字鉾手1番地1外235筆",33.1856,131.569761111111,2606,"玉沢地区条里跡　第3次発掘調査報告　-稙田新都心西部土地区画整理事業及び大規模店舗建設に伴う発掘調査報告書-","29769|29770|29771",155,1.35787672455555,33.1875805555555,131.57665
"福岡","金山遺跡","北九州市小倉南区大字横代東町4丁目",33.8315305555556,130.89905,618,"北九州市埋蔵文化財調査報告書　第184集　金山遺跡Ⅵ区","29979|29980",156,20.1901124267775,33.7760472222222,130.857859259259
"福岡","金山遺跡","北九州市小倉南区大字横代",33.8161,130.897138888889,621,"北九州市埋蔵文化財調査報告書　第222集　金山遺跡Ⅰ･Ⅴ区　","29985|29986",156,20.1901124267775,33.7760472222222,130.857859259259
"福岡","金山遺跡","田川郡福智町",33.6805111111111,130.777388888889,579,"出口遺跡･長浦遺跡　方城町文化財調査報告書　第9集　","30643",156,20.1901124267775,33.7760472222222,130.857859259259
"福岡","黒崎城跡","北九州市八幡西区",33.8615,130.760188888889,626,"北九州市埋蔵文化財調査報告書　第392集　黒崎城跡8(16･17･24区)　前田熊手線街路事業に伴う埋蔵文化財発掘調査報告7　","29994|29995|29996|29997|29998|29999|30000|30001|30002|30003|30004|30005|30006",157,1.38066301808043,33.8650097222222,130.76635
"福岡","黒崎城跡","北九州市八幡西区田町2丁目",33.8685194444444,130.772511111111,627,"北九州市埋蔵文化財調査報告書　第412集　黒崎城跡10(21･22･25区)　前田熊手線街路事業に伴う埋蔵文化財発掘調査報告9","30007|30008|30009|30010|30011|30012|30013|30014",157,1.38066301808043,33.8650097222222,130.76635
"福岡","大野城跡","糟屋郡宇美町大字四王寺字毘沙門",33.5344305555556,130.521380555556,976,"大宰府史跡発掘調査報告書　Ⅵ　平成20･21年度　","30085|30086|30087|30088",158,3.63962234930786,33.5308905555556,130.514782222223
"福岡","大野城跡","糟屋郡宇美町大字四王寺字大石垣",33.5344305555556,130.521380555556,976,"大宰府史跡発掘調査報告書　Ⅵ　平成20･21年度　","30089|30090|30091|30092",158,3.63962234930786,33.5308905555556,130.514782222223
"福岡","大野城跡","大野城市下大利4丁目",33.5167305555556,130.488388888889,978,"大宰府史跡発掘調査報告書Ⅷ　　平成24･25年度","30093|30094",158,3.63962234930786,33.5308905555556,130.514782222223
"福岡","大野城跡","糟屋郡宇美町大字四王寺字大石垣",33.5344305555556,130.521380555556,978,"大宰府史跡発掘調査報告書Ⅷ　　平成24･25年度","30095",158,3.63962234930786,33.5308905555556,130.514782222223
"福岡","大野城跡","糟屋郡宇美町大字四王寺字鮎返り",33.5344305555556,130.521380555556,978,"大宰府史跡発掘調査報告書Ⅷ　　平成24･25年度","30096|30097|30098|30099|30100|30101|30102",158,3.63962234930786,33.5308905555556,130.514782222223
"福岡","水城跡","太宰府市観世音寺5丁目6-1",33.5150388888889,130.521819444444,977,"大宰府史跡発掘調査報告書Ⅱ　平成13.14年度　","30080|30081|30082",159,3.25763279479864,33.5171472222222,130.499111805555
"福岡","水城跡","太宰府市国分1丁目247-1",33.5185388888889,130.499269444444,2437,"水城跡　-下巻-","30107|30108|30109|30110|30111|30112",159,3.25763279479864,33.5171472222222,130.499111805555
"福岡","水城跡","大野城市下大利4丁目714",33.5167305555556,130.488388888889,2437,"水城跡　-下巻-","30113",159,3.25763279479864,33.5171472222222,130.499111805555
"福岡","水城跡","大野城市下大利4丁目2-2･3,702-3･4,695-1",33.5182805555556,130.486969444444,2437,"水城跡　-下巻-","30114|30115",159,3.25763279479864,33.5171472222222,130.499111805555
"福岡","橋本一丁田遺跡","福岡市西区拾六町２７－２他",33.5605305555556,130.295230555556,1879,"弥生農耕の起源と東アジア-炭素14年代測定による高精度編年体系の構築-平成16～20年文部科学省・科学研究費学術創成研究費　研究成果報告書","832|833|834|835|836|837|838|839|1428|1429|1430|1431",160,2.42343898936522,33.5630958333333,130.307915277778
"福岡","橋本一丁田遺跡","福岡市西区福重二丁目地内",33.5656611111111,130.3206,2715,"福岡外環状道路関係埋蔵文化財調査報告　-5-　福岡市西区橋本一丁田遺跡　第2次調査･橋本遺跡第1次調査","30316|30317|30318|30319|30320|30321|30322|30323|30324|30325",160,2.42343898936522,33.5630958333333,130.307915277778
"宮崎","後牟田遺跡","児湯郡川南町大字平田字後牟田地内",32.1838194444444,131.537688888889,1880,"後牟田遺跡　-宮崎県川南町後牟田遺跡における旧石器時代の研究-","30839|30840|30841|30842|30843",161,67.1716568040845,31.9496694444444,131.31235
"宮崎","後牟田遺跡","都城市上長飯町2683-3他",31.7155194444444,131.087011111111,3271,"都城市文化財調査報告書　第77集　後牟田遺跡","30913|30914|30915",161,67.1716568040845,31.9496694444444,131.31235
"宮崎","黒仁田遺跡","小林市大字北西方字黒仁田",32.0343888888889,130.951661111111,1361,"小林市文化財調査報告書　第18集　黒仁田遺跡","30778",162,89.1909356654334,32.342675,131.25585
"宮崎","黒仁田遺跡","延岡市北方町字子",32.6509611111111,131.560038888889,1155,"宮崎県埋蔵文化財センター発掘調査報告書　第181集　黒仁田遺跡　一般国道218号北方延岡道路建設に伴う埋蔵文化財発掘調査報告書(5)","31419|31420|31421|31422|31423|31424|31425|31426",162,89.1909356654334,32.342675,131.25585
"熊本","曽畑貝塚","宇土市花園",32.6806111111111,130.6895,585,"別府大学考古学研究室報告　第三冊　対馬越高尾崎遺跡における縄文前期文化の研究","28647",163,0.873645944938475,32.6843652777778,130.688090277778
"熊本","曽畑貝塚","宇土市岩古曽町字曽畑",32.6881194444444,130.686680555556,2163,"曽畑貝塚　-慶応義塾大学資料再整理報告-　宇土市埋蔵文化財調査報告書　第32集　","31996|31997|31998",163,0.873645944938475,32.6843652777778,130.688090277778
"熊本","黒橋貝塚","熊本市南区城南町",32.7308805555556,130.741038888889,584,"別府大学考古学研究室報告　第一冊　対馬ヌカシにおける縄文時代中期文化","28628|28629|28630",164,3.06254621683764,32.7172208333334,130.738654166666
"熊本","黒橋貝塚","下益城郡城南町下宮地字萱木",32.7035611111111,130.736269444444,2558,"熊本県文化財調査報告　第20集　黒橋　-熊本県下益城郡城南町黒橋貝塚-　","32039|32040|32041",164,3.06254621683764,32.7172208333334,130.738654166666
"熊本","大江遺跡群","熊本市中央区大江",32.8089111111111,130.726680555556,2564,"熊本県文化財調査報告　第231集　大江遺跡群Ⅱ　-国家公務員合同宿舎(学苑住宅)新築工事に伴う大江遺跡群の埋蔵文化財発掘調査報告-","32133|32134|32135|32136",165,1.81311050502923,32.8016111111111,130.722325
"熊本","大江遺跡群","熊本市九品寺3丁目",32.7943111111111,130.717969444444,2565,"熊本県文化財調査報告　第232集　大江遺跡群Ⅲ　","32137|32138|32139|32140|32141|32142",165,1.81311050502923,32.8016111111111,130.722325
"熊本","吉部原遺跡","熊本市北区植木町大字今藤字吉部原535番他",32.9251888888889,130.70845,2403,"植木町文化財調査報告書　第9集　吉部原遺跡　","31970|31971|31972|31973|31974|31975",166,2.12767648298369,32.9336541666666,130.7031
"熊本","吉部原遺跡","熊本市植木町今藤字吉部原543番地1他8筆",32.9421194444444,130.69775,2538,"熊本市の文化財　第13集　吉部原遺跡Ⅱ　-(仮称)植木町今藤地区工業団地造成に伴う吉部原遺跡第3次確認調査･第4次発掘調査報告書-　","32421|32422",166,2.12767648298369,32.9336541666666,130.7031
"熊本","両迫間日渡遺跡","玉名市両迫間",32.9398611111111,130.577380555556,2577,"熊本県文化財調査報告　第268集　長山前田遺跡･両迫間日渡遺跡1","32218|32219|32220|32221|32222|32223",167,1.17348260673453,32.9433074074074,130.576490740741
"熊本","両迫間日渡遺跡","玉名市両迫間",32.9398611111111,130.577380555556,2584,"熊本県文化財調査報告　第299集　玉名平野条里跡3･両迫間日渡遺跡2･玉名の平城跡　県道玉名山鹿線改良工事に伴う埋蔵文化財発掘調査･県道6号(玉名立花線)拡幅工事に伴う埋蔵文化財調査　","32279|32280|32281|32282|32283",167,1.17348260673453,32.9433074074074,130.576490740741
"熊本","両迫間日渡遺跡","玉名市玉名字石町･両迫間字龍王田",32.9502,130.574711111111,2603,"玉名市文化財調査報告　第19集　両迫間日渡遺跡　九州新幹線新玉名駅周辺整備事業に伴う埋蔵文化財発掘調査","32516|32517|32518|32519|32520|32521|32522|32523|32524|32525|32526|32527|32528|32529|32530|32531|32532|32533|32534|32535|32536|32537|32538|32539|32540|32541|32542|32543|32544|32545|32546|32547|32548|32549|32550|32551|32552|32553|32554|32555|32556|32557|32558|32559|32560|32561",167,1.17348260673453,32.9433074074074,130.576490740741
"福島","本町西A遺跡","双葉郡富岡町大字上郡山字上郡",37.3254888888889,140.991488888889,2733,"福島県文化財センター白川館研究紀要2015","32627|32628",168,1.47560162471191,37.3310638888889,140.986954166666
"福島","本町西A遺跡","双葉郡富岡町大字本岡字本町西",37.3366388888889,140.982419444444,2733,"福島県文化財センター白川館研究紀要2015","32644",168,1.47560162471191,37.3310638888889,140.986954166666
"福島","双子遺跡","相馬郡新地町",37.8761805555556,140.9192,2738,"福島県文化財調査報告書第234集　相馬開発関連遺跡調査報告Ⅱ　1本文","17915|17916|17917|17918",169,3.51089145440915,37.861325,140.926044444444
"福島","双子遺跡","相馬郡新地町駒ヶ嶺字山中",37.8464694444444,140.932888888889,2734,"福島県文化財センター白川館研究紀要2016","32671",169,3.51089145440915,37.861325,140.926044444444
